URLs,Price,#Ratings,ASIN
https://www.amazon.co.uk/Apple-EarPods-with-Lightning-Connector/product-reviews/B01M1EEPOB/ref=cm_cr_dp_d_show_all_btm?ie=UTF8&reviewerType=all_reviews,17.0,"24,883 ratings",B01M1EEPOB
https://www.amazon.co.uk/Sony-WH-1000XM3-Wireless-Cancelling-Headphones-Black/product-reviews/B07GDR2LYK/ref=cm_cr_dp_d_show_all_btm?ie=UTF8&reviewerType=all_reviews,248.0,"20,781 ratings",B07GDR2LYK
https://www.amazon.co.uk/Earphones-Blukar-Headphones-Sensitivity-Microphone-Silver/product-reviews/B07QLWMDLC/ref=cm_cr_dp_d_show_all_btm?ie=UTF8&reviewerType=all_reviews,6.0,"25,250 ratings",B07QLWMDLC
https://www.amazon.co.uk/JVC-HA-L50-B-E-Lightweight-Headphones-Black/product-reviews/B000I2J4S4/ref=cm_cr_dp_d_show_all_btm?ie=UTF8&reviewerType=all_reviews,,"5,852 ratings",B000I2J4S4
https://www.amazon.co.uk/Sony-MDR-ZX310AP-Foldable-Headphones-Smartphone-Metallic-Red/product-reviews/B00I3LV3EU/ref=cm_cr_dp_d_show_all_btm?ie=UTF8&reviewerType=all_reviews,,"3,192 ratings",B00I3LV3EU
https://www.amazon.co.uk/EarFun-Wireless-Bluetooth-Detection-Headphones-Matte-Black/product-reviews/B088H7GMHZ/ref=cm_cr_dp_d_show_all_btm?ie=UTF8&reviewerType=all_reviews,31.0,"12,770 ratings",B088H7GMHZ
https://www.amazon.co.uk/Sony-MDR-EX15AP-Earphones-Smartphone-Control-Black/product-reviews/B00I3LV1HE/ref=cm_cr_dp_d_show_all_btm?ie=UTF8&reviewerType=all_reviews,7.0,"13,006 ratings",B00I3LV1HE
https://www.amazon.co.uk/Betron-AX5-Headphones-Microphone-Smartphones-Black-Gold/product-reviews/B0786S43W4/ref=cm_cr_dp_d_show_all_btm?ie=UTF8&reviewerType=all_reviews,9.0,"3,264 ratings",B0786S43W4
https://www.amazon.co.uk/JVC-Headphones-Earphones-Compatible-Samsung-Black/product-reviews/B00ZAT03S0/ref=cm_cr_dp_d_show_all_btm?ie=UTF8&reviewerType=all_reviews,5.0,765 ratings,B00ZAT03S0
https://www.amazon.co.uk/Isolating-Headphones-Microphone-Lightweight-Earphones/product-reviews/B083J88QRS/ref=cm_cr_dp_d_show_all_btm?ie=UTF8&reviewerType=all_reviews,7.0,"12,864 ratings",B083J88QRS
https://www.amazon.co.uk/OneOdio-Bluetooth-Over-Ear-Headphones/product-reviews/B0828S1TPM/ref=cm_cr_dp_d_show_all_btm?ie=UTF8&reviewerType=all_reviews,41.0,"6,906 ratings",B0828S1TPM
https://www.amazon.co.uk/Soundcore-Microphones-Reduction-Waterproof-Earphones-Black/product-reviews/B07SJR6HL3/ref=cm_cr_dp_d_show_all_btm?ie=UTF8&reviewerType=all_reviews,39.0,"117,124 ratings",B07SJR6HL3
https://www.amazon.co.uk/Bluetooth-Headphones-KVIDIO-Microphone-Lightweight-pink/product-reviews/B09XMJC9BL/ref=cm_cr_dp_d_show_all_btm?ie=UTF8&reviewerType=all_reviews,20.0,"1,276 ratings",B09XMJC9BL
https://www.amazon.co.uk/Bluetooth-Headphones-Earphones-Cancelling-Waterproof-Black/product-reviews/B09BZ64R7S/ref=cm_cr_dp_d_show_all_btm?ie=UTF8&reviewerType=all_reviews,16.0,"6,656 ratings",B09BZ64R7S
https://www.amazon.co.uk/Sennheiser-HD-206-Stereo-Headphone/product-reviews/B01N7S0IPR/ref=cm_cr_dp_d_show_all_btm?ie=UTF8&reviewerType=all_reviews,31.0,"13,783 ratings",B01N7S0IPR
https://www.amazon.co.uk/Wireless-Headphones-Foldable-Headsets-Earbuds-Black-Gold/product-reviews/B07T1KZQV9/ref=cm_cr_dp_d_show_all_btm?ie=UTF8&reviewerType=all_reviews,18.0,"26,133 ratings",B07T1KZQV9
https://www.amazon.co.uk/Sony-WH-CH710N-Cancelling-Headphones-Assistant-Black/product-reviews/B086LLYK4S/ref=cm_cr_dp_d_show_all_btm?ie=UTF8&reviewerType=all_reviews,107.0,"5,968 ratings",B086LLYK4S
https://www.amazon.co.uk/Headphones-Bluetooth-Earphones-Cancelling-Waterproof-Black/product-reviews/B099D925ZD/ref=cm_cr_dp_d_show_all_btm?ie=UTF8&reviewerType=all_reviews,18.0,"4,254 ratings",B099D925ZD
https://www.amazon.co.uk/yobola-Headphones-Waterproof-Earphones-Bluetooth-T2-Pro-White/product-reviews/B08K4Y4RMB/ref=cm_cr_dp_d_show_all_btm?ie=UTF8&reviewerType=all_reviews,18.0,"35,576 ratings",B08K4Y4RMB
https://www.amazon.co.uk/Edifier-W820NB-Hybrid-Cancelling-Headphones-Black/product-reviews/B09FF244QP/ref=cm_cr_dp_d_show_all_btm?ie=UTF8&reviewerType=all_reviews,69.0,465 ratings,B09FF244QP
https://www.amazon.co.uk/Soundcore-Cancelling-Headphones-Multiple-Bluetooth-Black/product-reviews/B08HMWZBXC/ref=cm_cr_dp_d_show_all_btm?ie=UTF8&reviewerType=all_reviews,79.0,"12,770 ratings",B08HMWZBXC
https://www.amazon.co.uk/Headphone-Microphone-Bluetooth-Compatible-Smartphones/product-reviews/B09HHFM9SH/ref=cm_cr_dp_d_show_all_btm?ie=UTF8&reviewerType=all_reviews,24.0,18 ratings,B09HHFM9SH
https://www.amazon.co.uk/Betron-Earphones-Headphones-Microphone-Control-Black/product-reviews/B0B6WKHFLS/ref=cm_cr_dp_d_show_all_btm?ie=UTF8&reviewerType=all_reviews,7.0,330 ratings,B0B6WKHFLS
https://www.amazon.co.uk/DOBOPO-Bluetooth-Earphones-Headphones-Waterproof-White/product-reviews/B0B4DH8Q4C/ref=cm_cr_dp_d_show_all_btm?ie=UTF8&reviewerType=all_reviews,21.0,"5,680 ratings",B0B4DH8Q4C
https://www.amazon.co.uk/Wireless-Headphones-Playtime-Bluetooth-Foldable-Grey/product-reviews/B08ND51MX8/ref=cm_cr_dp_d_show_all_btm?ie=UTF8&reviewerType=all_reviews,21.0,"4,171 ratings",B08ND51MX8
https://www.amazon.co.uk/Bluetooth-Headphone-Microphone-Cancelling-Earphones/product-reviews/B09XVKPGCM/ref=cm_cr_dp_d_show_all_btm?ie=UTF8&reviewerType=all_reviews,9.0,679 ratings,B09XVKPGCM
https://www.amazon.co.uk/RockPapa-Adjustable-Headphones-Earphones-Headphone-Blue/product-reviews/B0144PY56Q/ref=cm_cr_dp_d_show_all_btm?ie=UTF8&reviewerType=all_reviews,7.0,649 ratings,B0144PY56Q
https://www.amazon.co.uk/Bluetooth-Headphones-WorWoder-Memory-Protein-Travelling/product-reviews/B07FS9B5G8/ref=cm_cr_dp_d_show_all_btm?ie=UTF8&reviewerType=all_reviews,17.0,"11,432 ratings",B07FS9B5G8
https://www.amazon.co.uk/PowerLocus-Bluetooth-Headphones-Headphone-Microphones-Red/product-reviews/B0BLXRQ175/ref=cm_cr_dp_d_show_all_btm?ie=UTF8&reviewerType=all_reviews,15.0,941 ratings,B0BLXRQ175
https://www.amazon.co.uk/Jabra-Bluetooth-Cancellation-technology-Multipoint-Titanium-Black/product-reviews/B0B8DRY85Q/ref=cm_cr_dp_d_show_all_btm?ie=UTF8&reviewerType=all_reviews,125.0,147 ratings,B0B8DRY85Q
https://www.amazon.co.uk/Sony-MDR-ZX110NA-Overhead-Cancelling-Headphones-Black/product-reviews/B00N3WWM58/ref=cm_cr_dp_d_show_all_btm?ie=UTF8&reviewerType=all_reviews,32.0,"1,781 ratings",B00N3WWM58
https://www.amazon.co.uk/headphones-Microphone-Childrens-headsets-Green-black-green/product-reviews/B07HHGP28X/ref=cm_cr_dp_d_show_all_btm?ie=UTF8&reviewerType=all_reviews,19.0,"8,107 ratings",B07HHGP28X
https://www.amazon.co.uk/Headphones-Earbuds-HiFi-Audio-Isolating-Compatible-White-PD4/product-reviews/B09W38W7MF/ref=cm_cr_dp_d_show_all_btm?ie=UTF8&reviewerType=all_reviews,7.0,"5,388 ratings",B09W38W7MF
https://www.amazon.co.uk/Wireless-Headphones-Waterproof-Bluetooth-Earphones-White/product-reviews/B09Z2WV32Q/ref=cm_cr_dp_d_show_all_btm?ie=UTF8&reviewerType=all_reviews,7.0,328 ratings,B09Z2WV32Q
https://www.amazon.co.uk/Headphones-Bluetooth-Earphones-Waterproof-Cancelling-Black/product-reviews/B099YZTKCK/ref=cm_cr_dp_d_show_all_btm?ie=UTF8&reviewerType=all_reviews,15.0,"3,291 ratings",B099YZTKCK
https://www.amazon.co.uk/Bluetooth-Headphones-Immersive-Earphones-Waterproof-Black/product-reviews/B0B4RVBBRG/ref=cm_cr_dp_d_show_all_btm?ie=UTF8&reviewerType=all_reviews,16.0,"3,943 ratings",B0B4RVBBRG
https://www.amazon.co.uk/Soundcore-Cancelling-Headphones-Bluetooth-Comfortable-Black/product-reviews/B09FPCZ318/ref=cm_cr_dp_d_show_all_btm?ie=UTF8&reviewerType=all_reviews,119.0,"7,752 ratings",B09FPCZ318
https://www.amazon.co.uk/Headphones-Earphones-Magnetic-Earbuds-Compatible/product-reviews/B07ZNQYB27/ref=cm_cr_dp_d_show_all_btm?ie=UTF8&reviewerType=all_reviews,16.0,"3,969 ratings",B07ZNQYB27
https://www.amazon.co.uk/JBL-T110-Universal-Headphones-Control-Microphone-black/product-reviews/B01MG62Z5M/ref=cm_cr_dp_d_show_all_btm?ie=UTF8&reviewerType=all_reviews,7.0,"42,236 ratings",B01MG62Z5M
https://www.amazon.co.uk/Blukar-Headphones-Sensitivity-Microphone-Multifunction-Black-Red/product-reviews/B0B45WHNGL/ref=cm_cr_dp_d_show_all_btm?ie=UTF8&reviewerType=all_reviews,2.0,259 ratings,B0B45WHNGL
https://www.amazon.co.uk/Earphones-Bluetooth-Headphones-Cancelling-Airp%F0%9D%96%94%F0%9D%96%89%F0%9D%96%98-Wireless-Earbuds/product-reviews/B0BCZFBPSB/ref=cm_cr_dp_d_show_all_btm?ie=UTF8&reviewerType=all_reviews,14.0,411 ratings,B0BCZFBPSB
https://www.amazon.co.uk/Samsung-EHS64-3-5-Earphones-Remote-White/product-reviews/B00GSPGJCE/ref=cm_cr_dp_d_show_all_btm?ie=UTF8&reviewerType=all_reviews,3.0,"13,947 ratings",B00GSPGJCE
https://www.amazon.co.uk/Betron-Earphones-Headphones-Powerful-Ergonomic-Black/product-reviews/B01M2V05RE/ref=cm_cr_dp_d_show_all_btm?ie=UTF8&reviewerType=all_reviews,10.0,"11,573 ratings",B01M2V05RE
https://www.amazon.co.uk/EO-EG920BW-Samsung-Handsfree-Headphone-Packaging-White/product-reviews/B00ZLTBXSS/ref=cm_cr_dp_d_show_all_btm?ie=UTF8&reviewerType=all_reviews,4.0,"15,355 ratings",B00ZLTBXSS
https://www.amazon.co.uk/Roxel-RX110-Lightweight-Headphones-Compatible-White/product-reviews/B081NT4QC4/ref=cm_cr_dp_d_show_all_btm?ie=UTF8&reviewerType=all_reviews,12.0,"2,396 ratings",B081NT4QC4
https://www.amazon.co.uk/Wireless-Bluetooth-Headphones-Charging-Waterproof-White/product-reviews/B09NZMKF6W/ref=cm_cr_dp_d_show_all_btm?ie=UTF8&reviewerType=all_reviews,19.0,"4,595 ratings",B09NZMKF6W
https://www.amazon.co.uk/Bluetooth-Headphones-Rydohi-Lightweight-Black-Orange/product-reviews/B07PCRLTRK/ref=cm_cr_dp_d_show_all_btm?ie=UTF8&reviewerType=all_reviews,15.0,"15,918 ratings",B07PCRLTRK
https://www.amazon.co.uk/Sony-MDRZX310L-AE-Foldable-Headphones-Metallic-Blue/product-reviews/B00I3LUYNG/ref=cm_cr_dp_d_show_all_btm?ie=UTF8&reviewerType=all_reviews,17.0,"32,346 ratings",B00I3LUYNG
https://www.amazon.co.uk/Beats-Solo3-Wireless-Ear-Headphones/product-reviews/B07YVXGFLS/ref=cm_cr_dp_d_show_all_btm?ie=UTF8&reviewerType=all_reviews,130.0,"14,399 ratings",B07YVXGFLS
https://www.amazon.co.uk/Bluetooth-Headphones-Cancelling-Microphone-Waterproof-White/product-reviews/B0BB29LRQM/ref=cm_cr_dp_d_show_all_btm?ie=UTF8&reviewerType=all_reviews,21.0,"4,261 ratings",B0BB29LRQM
https://www.amazon.co.uk/Headphones-Bluetooth-Canceling-Waterproof-Earphones/product-reviews/B0B2CZ6J51/ref=cm_cr_dp_d_show_all_btm?ie=UTF8&reviewerType=all_reviews,19.0,"1,948 ratings",B0B2CZ6J51
https://www.amazon.co.uk/Tiksounds-headphones-Bluetooth-Waterproof-black/product-reviews/B08LGRK6MT/ref=cm_cr_dp_d_show_all_btm?ie=UTF8&reviewerType=all_reviews,21.0,"26,963 ratings",B08LGRK6MT
https://www.amazon.co.uk/NXET-Headphone-Universal-Aluminum-Microsoft/product-reviews/B01L00XVHC/ref=cm_cr_dp_d_show_all_btm?ie=UTF8&reviewerType=all_reviews,7.0,"1,924 ratings",B01L00XVHC
https://www.amazon.co.uk/PowerLocus-Bluetooth-Over-Ear-Headphones-Wireless-White-Raspberry/product-reviews/B07D3NPVLN/ref=cm_cr_dp_d_show_all_btm?ie=UTF8&reviewerType=all_reviews,21.0,"48,063 ratings",B07D3NPVLN
https://www.amazon.co.uk/Bluetooth-Headphones-Microphone-Earphones-Cancelling-Black/product-reviews/B0B3X97WW1/ref=cm_cr_dp_d_show_all_btm?ie=UTF8&reviewerType=all_reviews,17.0,"2,160 ratings",B0B3X97WW1
https://www.amazon.co.uk/Headphones-Motast-Bluetooth-Earphones-Waterproof-New-Model/product-reviews/B083M83HLD/ref=cm_cr_dp_d_show_all_btm?ie=UTF8&reviewerType=all_reviews,14.0,"1,566 ratings",B083M83HLD
https://www.amazon.co.uk/Headphones-Riwbox-XBT-80-Microphone-Black-Gold/product-reviews/B073QV511F/ref=cm_cr_dp_d_show_all_btm?ie=UTF8&reviewerType=all_reviews,22.0,"7,328 ratings",B073QV511F
https://www.amazon.co.uk/Panasonic-EAH-AZ70WE-K-Cancelling-Bluetooth-Functionality-Black/product-reviews/B089BHKS6S/ref=cm_cr_dp_d_show_all_btm?ie=UTF8&reviewerType=all_reviews,192.0,178 ratings,B089BHKS6S
https://www.amazon.co.uk/Headphones-Bluetooth-Cancellation-Waterproof-Earphones-Wireless-Earbuds/product-reviews/B0BMPY3NMM/ref=cm_cr_dp_d_show_all_btm?ie=UTF8&reviewerType=all_reviews,16.0,"21,944 ratings",B0BMPY3NMM
https://www.amazon.co.uk/Genuine-Samsung-Earphones-Tuned-Line/product-reviews/B071S9RFT7/ref=cm_cr_dp_d_show_all_btm?ie=UTF8&reviewerType=all_reviews,6.0,"11,198 ratings",B071S9RFT7
https://www.amazon.co.uk/JKSWT-Microphone-Lightweight-Headphones-Compatible-White/product-reviews/B09DY2N94D/ref=cm_cr_dp_d_show_all_btm?ie=UTF8&reviewerType=all_reviews,5.0,"1,120 ratings",B09DY2N94D
https://www.amazon.co.uk/RIDER-Earphones-Headphones-Anti-Tangle-Microphone-Black/product-reviews/B092MKW5CR/ref=cm_cr_dp_d_show_all_btm?ie=UTF8&reviewerType=all_reviews,10.0,"6,427 ratings",B092MKW5CR
https://www.amazon.co.uk/Headphones-Microphone-earphone-Cancellation-Compatible-White-1pc/product-reviews/B0BTWYHQ5H/ref=cm_cr_dp_d_show_all_btm?ie=UTF8&reviewerType=all_reviews,7.0,"3,138 ratings",B0BTWYHQ5H
https://www.amazon.co.uk/UMI-Bluetooth-headphones-earphones-intelligent-GREY/product-reviews/B07N428SG9/ref=cm_cr_dp_d_show_all_btm?ie=UTF8&reviewerType=all_reviews,29.0,"28,445 ratings",B07N428SG9
https://www.amazon.co.uk/RockPapa-Bluetooth-Headphones-Microphone-Childrens-Purple/product-reviews/B07C253NJ1/ref=cm_cr_dp_d_show_all_btm?ie=UTF8&reviewerType=all_reviews,12.0,215 ratings,B07C253NJ1
https://www.amazon.co.uk/TOZO-True-Wireless-Headphones-Stereo-Black/product-reviews/B07RGZ5NKS/ref=cm_cr_dp_d_show_all_btm?ie=UTF8&reviewerType=all_reviews,23.0,"168,584 ratings",B07RGZ5NKS
https://www.amazon.co.uk/Sumvision-Wave-RX-Efficiency-Cancellation-Black/product-reviews/B07XRX18ZZ/ref=cm_cr_dp_d_show_all_btm?ie=UTF8&reviewerType=all_reviews,18.0,404 ratings,B07XRX18ZZ
https://www.amazon.co.uk/Headphones-Waterproof-Bluetooth-Earphones-Airp%F0%9D%96%94%F0%9D%96%89%F0%9D%96%98-White/product-reviews/B0BD41NTX4/ref=cm_cr_dp_d_show_all_btm?ie=UTF8&reviewerType=all_reviews,16.0,104 ratings,B0BD41NTX4
https://www.amazon.co.uk/Wireless-Bluetooth-Headphones-Rydohi-Foldable-Rose-Gold/product-reviews/B07L93FRP7/ref=cm_cr_dp_d_show_all_btm?ie=UTF8&reviewerType=all_reviews,16.0,"3,551 ratings",B07L93FRP7
https://www.amazon.co.uk/Sony-MDR-7506-Professional-Headphone-Black/product-reviews/B000AJIF4E/ref=cm_cr_dp_d_show_all_btm?ie=UTF8&reviewerType=all_reviews,88.0,"21,492 ratings",B000AJIF4E
https://www.amazon.co.uk/Sony-MDRRF811RK-CEK-RF811-Wireless-Headphones-Black/product-reviews/B00JF3G0R0/ref=cm_cr_dp_d_show_all_btm?ie=UTF8&reviewerType=all_reviews,57.0,"1,104 ratings",B00JF3G0R0
https://www.amazon.co.uk/PowerLocus-Bluetooth-Headphones-Microphone-Lightweight-Purple-White/product-reviews/B09312D2XL/ref=cm_cr_dp_d_show_all_btm?ie=UTF8&reviewerType=all_reviews,19.0,"1,627 ratings",B09312D2XL
https://www.amazon.co.uk/Earbuds-Headphones-Microphone-Earphones-Interface-4-Pairs/product-reviews/B08B578J1P/ref=cm_cr_dp_d_show_all_btm?ie=UTF8&reviewerType=all_reviews,5.0,"1,673 ratings",B08B578J1P
https://www.amazon.co.uk/Headphones-Earphones-reduction-compatible-20%EF%BC%8CGoogle-TYC-White/product-reviews/B0BMXHJGHK/ref=cm_cr_dp_d_show_all_btm?ie=UTF8&reviewerType=all_reviews,7.0,"3,993 ratings",B0BMXHJGHK
https://www.amazon.co.uk/Beats-Studio3-Wireless-Cancelling-Headphones/product-reviews/B08529BR4Q/ref=cm_cr_dp_d_show_all_btm?ie=UTF8&reviewerType=all_reviews,199.0,"10,906 ratings",B08529BR4Q
https://www.amazon.co.uk/Bluetooth-Headphones-Cancelling-Microphone-Waterproof-Black/product-reviews/B09PG3R55D/ref=cm_cr_dp_d_show_all_btm?ie=UTF8&reviewerType=all_reviews,15.0,"5,180 ratings",B09PG3R55D
https://www.amazon.co.uk/Wireless-Bluetooth-Headphones-Cancelling-Earphones-White/product-reviews/B09VDLS6KN/ref=cm_cr_dp_d_show_all_btm?ie=UTF8&reviewerType=all_reviews,15.0,"5,786 ratings",B09VDLS6KN
https://www.amazon.co.uk/Tribit-Bluetooth-Headphones-lightening-Cancelling-Black/product-reviews/B086ZK4X35/ref=cm_cr_dp_d_show_all_btm?ie=UTF8&reviewerType=all_reviews,29.0,"1,479 ratings",B086ZK4X35
https://www.amazon.co.uk/Panasonic-RB-HF420BE-K-Bluetooth-Headphones-Wireless-Black/product-reviews/B08F8SQFT8/ref=cm_cr_dp_d_show_all_btm?ie=UTF8&reviewerType=all_reviews,33.0,288 ratings,B08F8SQFT8
https://www.amazon.co.uk/Betron-Earphones-Headphones-Isolating-Microphone-Gold/product-reviews/B074P5K78Q/ref=cm_cr_dp_d_show_all_btm?ie=UTF8&reviewerType=all_reviews,9.0,"7,754 ratings",B074P5K78Q
https://www.amazon.co.uk/Earphones-Headphones-Microphone-Cancellation-Compatible-White-SG/product-reviews/B09Z34JX14/ref=cm_cr_dp_d_show_all_btm?ie=UTF8&reviewerType=all_reviews,3.0,"9,162 ratings",B09Z34JX14
https://www.amazon.co.uk/Headphones-Bluetooth-Cancelling-Earphones-Waterproof-Black/product-reviews/B09V4J7Y7Z/ref=cm_cr_dp_d_show_all_btm?ie=UTF8&reviewerType=all_reviews,13.0,"1,402 ratings",B09V4J7Y7Z
https://www.amazon.co.uk/JKSWT-Lightweight-Microphone-Headphones-Compatible-White/product-reviews/B0B2W9H7DW/ref=cm_cr_dp_d_show_all_btm?ie=UTF8&reviewerType=all_reviews,7.0,231 ratings,B0B2W9H7DW
https://www.amazon.co.uk/Betron-S2-Bluetooth-Headphones-Earphones-black/product-reviews/B078C6FSN4/ref=cm_cr_dp_d_show_all_btm?ie=UTF8&reviewerType=all_reviews,29.0,"7,241 ratings",B078C6FSN4
https://www.amazon.co.uk/Sony-WI-XB400-Extra-Wireless-Headphones-black/product-reviews/B07X1TDTQB/ref=cm_cr_dp_d_show_all_btm?ie=UTF8&reviewerType=all_reviews,27.0,"3,082 ratings",B07X1TDTQB
https://www.amazon.co.uk/Lightning-Connector-Headphones-Certified-Isolating-1pc/product-reviews/B09TR61Q26/ref=cm_cr_dp_d_show_all_btm?ie=UTF8&reviewerType=all_reviews,9.0,864 ratings,B09TR61Q26
https://www.amazon.co.uk/Sony-WH-XB910N-Cancelling-Wireless-Headphones-Black/product-reviews/B09FKG4PP3/ref=cm_cr_dp_d_show_all_btm?ie=UTF8&reviewerType=all_reviews,123.0,"2,515 ratings",B09FKG4PP3
https://www.amazon.co.uk/DOQAUS-Wireless-Headphones-Bluetooth-Controller-Black/product-reviews/B09FX97PPL/ref=cm_cr_dp_d_show_all_btm?ie=UTF8&reviewerType=all_reviews,51.0,271 ratings,B09FX97PPL
https://www.amazon.co.uk/JKSWT-Microphone-Definition-Headphones-Compatible-Black/product-reviews/B0919BBRB2/ref=cm_cr_dp_d_show_all_btm?ie=UTF8&reviewerType=all_reviews,7.0,"5,170 ratings",B0919BBRB2
https://www.amazon.co.uk/Sennheiser-Special-Open-Headphone-Black/product-reviews/B07Q7S7247/ref=cm_cr_dp_d_show_all_btm?ie=UTF8&reviewerType=all_reviews,,"5,888 ratings",B07Q7S7247
https://www.amazon.co.uk/JVC-HA-S160-B-FLATS-Lightweight-Headphones-Black/product-reviews/B004M7SQNU/ref=cm_cr_dp_d_show_all_btm?ie=UTF8&reviewerType=all_reviews,15.0,"2,448 ratings",B004M7SQNU
https://www.amazon.co.uk/IeemTkxxe-Headphones-Earphones-Bluetooth-Cancellation-white/product-reviews/B0B97VTX4Y/ref=cm_cr_dp_d_show_all_btm?ie=UTF8&reviewerType=all_reviews,9.0,"2,302 ratings",B0B97VTX4Y
https://www.amazon.co.uk/Wireless-Bluetooth-Headphones-Earphones-Waterproof-Midnight-Black/product-reviews/B0BFL83X8S/ref=cm_cr_dp_d_show_all_btm?ie=UTF8&reviewerType=all_reviews,21.0,"2,554 ratings",B0BFL83X8S
https://www.amazon.co.uk/Wireless-Headphones-Bluetooth-Canceling-Waterproof-New-Model/product-reviews/B08JYZ38P7/ref=cm_cr_dp_d_show_all_btm?ie=UTF8&reviewerType=all_reviews,20.0,"17,132 ratings",B08JYZ38P7
https://www.amazon.co.uk/Betron-AX3-Headphones-Microphone-Smartphones-Black/product-reviews/B0787JJ8J9/ref=cm_cr_dp_d_show_all_btm?ie=UTF8&reviewerType=all_reviews,9.0,862 ratings,B0787JJ8J9
https://www.amazon.co.uk/Rockpapa-Comfort-Adjustable-Headphones-SmartPhones-Orange-Black/product-reviews/B07DWNPNTC/ref=cm_cr_dp_d_show_all_btm?ie=UTF8&reviewerType=all_reviews,13.0,"5,924 ratings",B07DWNPNTC
https://www.amazon.co.uk/Urbanista-Bluetooth-Headphones-Cancelling-Microphone-Teal-Green/product-reviews/B08TLV4XYJ/ref=cm_cr_dp_d_show_all_btm?ie=UTF8&reviewerType=all_reviews,98.0,322 ratings,B08TLV4XYJ
https://www.amazon.co.uk/Bluetooth-Headphones-Cancelling-Btootos-Waterproof-Black/product-reviews/B0BCKHQGJN/ref=cm_cr_dp_d_show_all_btm?ie=UTF8&reviewerType=all_reviews,24.0,"3,900 ratings",B0BCKHQGJN
https://www.amazon.co.uk/Earphones-Headphones-Sensitivity-Microphone-Definition-White/product-reviews/B09KX53SGM/ref=cm_cr_dp_d_show_all_btm?ie=UTF8&reviewerType=all_reviews,2.0,18 ratings,B09KX53SGM
https://www.amazon.co.uk/Wireless-Certified-Bluetooth-Waterproof-Microphone-White-Wireless/product-reviews/B0BJC4JBV3/ref=cm_cr_dp_d_show_all_btm?ie=UTF8&reviewerType=all_reviews,15.0,54 ratings,B0BJC4JBV3
https://www.amazon.co.uk/Bluetooth-Headphones-Wireless-Waterproof-Earphones-Black/product-reviews/B091GHJ7FN/ref=cm_cr_dp_d_show_all_btm?ie=UTF8&reviewerType=all_reviews,13.0,"6,677 ratings",B091GHJ7FN
https://www.amazon.co.uk/Betron-Isolating-Headphones-Earphones-Powerful-Black/product-reviews/B00MIQQVIY/ref=cm_cr_dp_d_show_all_btm?ie=UTF8&reviewerType=all_reviews,8.0,"5,566 ratings",B00MIQQVIY
https://www.amazon.co.uk/Headphones-Bluetooth-Cancellation-Waterproof-Earphones-white/product-reviews/B0BFPQDXSG/ref=cm_cr_dp_d_show_all_btm?ie=UTF8&reviewerType=all_reviews,8.0,"2,031 ratings",B0BFPQDXSG
https://www.amazon.co.uk/New-Headphones-Microphone-Children-Lightweight-Pink/product-reviews/B09H4K1YR6/ref=cm_cr_dp_d_show_all_btm?ie=UTF8&reviewerType=all_reviews,9.0,296 ratings,B09H4K1YR6
https://www.amazon.co.uk/Bluetooth-Wireless-Headphones-Louise-Mann-Black/product-reviews/B08HRVFF65/ref=cm_cr_dp_d_show_all_btm?ie=UTF8&reviewerType=all_reviews,21.0,863 ratings,B08HRVFF65
https://www.amazon.co.uk/ZIHNIC-Bluetooth-Headphones-Over-Ear-Prolonged-rose/product-reviews/B0BFFSRNGL/ref=cm_cr_dp_d_show_all_btm?ie=UTF8&reviewerType=all_reviews,19.0,"7,675 ratings",B0BFFSRNGL
https://www.amazon.co.uk/Headphones-Reduction-bluetooth-earphones-Waterproof/product-reviews/B0BKFXSM6Q/ref=cm_cr_dp_d_show_all_btm?ie=UTF8&reviewerType=all_reviews,7.0,"4,580 ratings",B0BKFXSM6Q
https://www.amazon.co.uk/Wireless-Headphones-Playtime-Bluetooth-Cellphone-Type1-Red/product-reviews/B08FMMC1F8/ref=cm_cr_dp_d_show_all_btm?ie=UTF8&reviewerType=all_reviews,15.0,579 ratings,B08FMMC1F8
https://www.amazon.co.uk/Tijjywwil-Earphones-Headphones-Microphone-Compatible-white/product-reviews/B0B8S1WYZW/ref=cm_cr_dp_d_show_all_btm?ie=UTF8&reviewerType=all_reviews,5.0,"1,062 ratings",B0B8S1WYZW
https://www.amazon.co.uk/Sony-Wireless-Cancelling-Headphones-Compatible-Blue/product-reviews/B07X2T4QYP/ref=cm_cr_dp_d_show_all_btm?ie=UTF8&reviewerType=all_reviews,249.0,409 ratings,B07X2T4QYP
https://www.amazon.co.uk/Philips-00-Headphones-Bluetooth-Isolation-Black/product-reviews/B08CNM8YPD/ref=cm_cr_dp_d_show_all_btm?ie=UTF8&reviewerType=all_reviews,48.0,"1,221 ratings",B08CNM8YPD
https://www.amazon.co.uk/GNFROP-Environmental-Cancellation-Cancelling-Headphones-White/product-reviews/B0BJ6Y28HY/ref=cm_cr_dp_d_show_all_btm?ie=UTF8&reviewerType=all_reviews,19.0,4 ratings,B0BJ6Y28HY
https://www.amazon.co.uk/Groov-Headphones-Adjustable-Headphone-Smartphones-Pink/product-reviews/B00378KLQK/ref=cm_cr_dp_d_show_all_btm?ie=UTF8&reviewerType=all_reviews,9.0,"2,402 ratings",B00378KLQK
https://www.amazon.co.uk/Sony-WH-CH520-Wireless-Bluetooth-Headphones-Beige/product-reviews/B0BTJ9WHL9/ref=cm_cr_dp_d_show_all_btm?ie=UTF8&reviewerType=all_reviews,49.0,5 ratings,B0BTJ9WHL9
https://www.amazon.co.uk/UGREEN-Headphones-Earphones-Earbuds-Compatible/product-reviews/B094Y63W42/ref=cm_cr_dp_d_show_all_btm?ie=UTF8&reviewerType=all_reviews,14.0,438 ratings,B094Y63W42
https://www.amazon.co.uk/Sony-WI-C310-Bluetooth-Wireless-Headphones-Black/product-reviews/B07R37BSZ6/ref=cm_cr_dp_d_show_all_btm?ie=UTF8&reviewerType=all_reviews,24.0,"3,844 ratings",B07R37BSZ6
https://www.amazon.co.uk/Wireless-Headphones-Bluetooth-Playback-Waterproof-Rose-Gold/product-reviews/B09YC24Q43/ref=cm_cr_dp_d_show_all_btm?ie=UTF8&reviewerType=all_reviews,29.0,"8,154 ratings",B09YC24Q43
https://www.amazon.co.uk/ZJXD-Headphones-Microphone-Compatible-Smartphones-White/product-reviews/B07PGD6FBW/ref=cm_cr_dp_d_show_all_btm?ie=UTF8&reviewerType=all_reviews,7.0,"3,347 ratings",B07PGD6FBW
https://www.amazon.co.uk/Jabra-Evolve2-Wireless-Headset-Long-Lasting-Black/product-reviews/B08633D2K5/ref=cm_cr_dp_d_show_all_btm?ie=UTF8&reviewerType=all_reviews,324.0,906 ratings,B08633D2K5
https://www.amazon.co.uk/C8-Headphones-Microphone-Lightweight-Smartphones-Mint/product-reviews/B01EF5DBYM/ref=cm_cr_dp_d_show_all_btm?ie=UTF8&reviewerType=all_reviews,17.0,"27,457 ratings",B01EF5DBYM
https://www.amazon.co.uk/Earphones-Headphones-Microphone-Control-Compatible-White-SMA/product-reviews/B0BN33Y2XD/ref=cm_cr_dp_d_show_all_btm?ie=UTF8&reviewerType=all_reviews,7.0,"11,573 ratings",B0BN33Y2XD
https://www.amazon.co.uk/Satily-Earphones-Microphone-Cancelling-Waterproof-Black/product-reviews/B0BTBHC1MM/ref=cm_cr_dp_d_show_all_btm?ie=UTF8&reviewerType=all_reviews,19.0,,B0BTBHC1MM
https://www.amazon.co.uk/SONY-WI-C200-Wireless-Bluetooth-Headphones-Black/product-reviews/B07QYWD718/ref=cm_cr_dp_d_show_all_btm?ie=UTF8&reviewerType=all_reviews,22.0,"6,866 ratings",B07QYWD718
https://www.amazon.co.uk/Samsung-Galaxy-Wireless-Earphones-Version/product-reviews/B08C5HYHYB/ref=cm_cr_dp_d_show_all_btm?ie=UTF8&reviewerType=all_reviews,53.0,"36,304 ratings",B08C5HYHYB
https://www.amazon.co.uk/Bluetooth-Headphones-Playtime-Cancellation-Invisible-Ear/product-reviews/B07YFMK89B/ref=cm_cr_dp_d_show_all_btm?ie=UTF8&reviewerType=all_reviews,14.0,"6,211 ratings",B07YFMK89B
https://www.amazon.co.uk/TONEMAC-Earphones-Bluetooth-Headphones-Waterproof-Black/product-reviews/B0B9MCKZJF/ref=cm_cr_dp_d_show_all_btm?ie=UTF8&reviewerType=all_reviews/ref=cm_cr_dp_d_show_all_btm?ie=UTF8&reviewerType=all_reviews,29.0,839 ratings,B0B9MCKZJF
https://www.amazon.co.uk/Thomson-Over-Ear-Headphones-Cable-Black/product-reviews/B01N6NQ73J/ref=cm_cr_dp_d_show_all_btm?ie=UTF8&reviewerType=all_reviews/ref=cm_cr_dp_d_show_all_btm?ie=UTF8&reviewerType=all_reviews,16.0,"4,724 ratings",B01N6NQ73J
https://www.amazon.co.uk/Bluetooth-Headphones-Cancelling-Earphones-Waterproof-white/product-reviews/B0B65B14L1/ref=cm_cr_dp_d_show_all_btm?ie=UTF8&reviewerType=all_reviews/ref=cm_cr_dp_d_show_all_btm?ie=UTF8&reviewerType=all_reviews,17.0,"8,614 ratings",B0B65B14L1
https://www.amazon.co.uk/Bluetooth-Headphones-Cancelling-Waterproof-Microphone-black/product-reviews/B0BB9RDFDN/ref=cm_cr_dp_d_show_all_btm?ie=UTF8&reviewerType=all_reviews/ref=cm_cr_dp_d_show_all_btm?ie=UTF8&reviewerType=all_reviews,19.0,"1,982 ratings",B0BB9RDFDN
https://www.amazon.co.uk/JBL-Tune-510-BT-Blue/product-reviews/B08QTVL6C5/ref=cm_cr_dp_d_show_all_btm?ie=UTF8&reviewerType=all_reviews/ref=cm_cr_dp_d_show_all_btm?ie=UTF8&reviewerType=all_reviews,39.0,"5,910 ratings",B08QTVL6C5
https://www.amazon.co.uk/Headphones-Bluetooth-Earphones-Waterproof-Cancelling-Black/product-reviews/B09BN47YHV/ref=cm_cr_dp_d_show_all_btm?ie=UTF8&reviewerType=all_reviews/ref=cm_cr_dp_d_show_all_btm?ie=UTF8&reviewerType=all_reviews,16.0,"11,003 ratings",B09BN47YHV
https://www.amazon.co.uk/Yamaha-Electronics-FBA_HPH50B-HPH-50B-Headphone-Black/product-reviews/B00X3L05VM/ref=cm_cr_dp_d_show_all_btm?ie=UTF8&reviewerType=all_reviews/ref=cm_cr_dp_d_show_all_btm?ie=UTF8&reviewerType=all_reviews,26.0,"1,681 ratings",B00X3L05VM
https://www.amazon.co.uk/gorsun-bluetooth-headphones-Childrens-mix/product-reviews/B083RYGTFT/ref=cm_cr_dp_d_show_all_btm?ie=UTF8&reviewerType=all_reviews/ref=cm_cr_dp_d_show_all_btm?ie=UTF8&reviewerType=all_reviews,37.0,"5,513 ratings",B083RYGTFT
https://www.amazon.co.uk/iClever-Bluetooth-Headphones-Colorful-Childrens-Light-blue/product-reviews/B08CZM61Z2/ref=cm_cr_dp_d_show_all_btm?ie=UTF8&reviewerType=all_reviews/ref=cm_cr_dp_d_show_all_btm?ie=UTF8&reviewerType=all_reviews,21.0,"3,120 ratings",B08CZM61Z2
https://www.amazon.co.uk/Hearprotek-Lightweight-Silicone-Headphones-Relaxation/product-reviews/B0832K9P66/ref=cm_cr_dp_d_show_all_btm?ie=UTF8&reviewerType=all_reviews/ref=cm_cr_dp_d_show_all_btm?ie=UTF8&reviewerType=all_reviews,16.0,"1,882 ratings",B0832K9P66
https://www.amazon.co.uk/LORLEI-O1-USB-Headphones-Wired-Black/product-reviews/B0BV6QCWX3/ref=cm_cr_dp_d_show_all_btm?ie=UTF8&reviewerType=all_reviews/ref=cm_cr_dp_d_show_all_btm?ie=UTF8&reviewerType=all_reviews,,,B0BV6QCWX3
https://www.amazon.co.uk/Wireless-Headphones-Soundcore-Bluetooth-Playtime/product-reviews/B099DP3617/ref=cm_cr_dp_d_show_all_btm?ie=UTF8&reviewerType=all_reviews/ref=cm_cr_dp_d_show_all_btm?ie=UTF8&reviewerType=all_reviews,21.0,"11,662 ratings",B099DP3617
https://www.amazon.co.uk/Sony-WH-CH720N-Cancelling-Bluetooth-Headphones-Black/product-reviews/B0BTDX26B2/ref=cm_cr_dp_d_show_all_btm?ie=UTF8&reviewerType=all_reviews/ref=cm_cr_dp_d_show_all_btm?ie=UTF8&reviewerType=all_reviews,99.0,55 ratings,B0BTDX26B2
https://www.amazon.co.uk/Betron-Earphones-Headphones-Definition-BlackBerry-Black/product-reviews/B00I3LTQ9O/ref=cm_cr_dp_d_show_all_btm?ie=UTF8&reviewerType=all_reviews/ref=cm_cr_dp_d_show_all_btm?ie=UTF8&reviewerType=all_reviews,10.0,"20,055 ratings",B00I3LTQ9O
https://www.amazon.co.uk/Sony-MDREX110APB-CE7-Earphones-Smartphone-Control-Metallic-Black/product-reviews/B00I3LUUIU/ref=cm_cr_dp_d_show_all_btm?ie=UTF8&reviewerType=all_reviews/ref=cm_cr_dp_d_show_all_btm?ie=UTF8&reviewerType=all_reviews,14.0,"10,697 ratings",B00I3LUUIU
https://www.amazon.co.uk/Betron-AX1-Isolating-Headphones-Microphone/product-reviews/B0786W3ZVV/ref=cm_cr_dp_d_show_all_btm?ie=UTF8&reviewerType=all_reviews/ref=cm_cr_dp_d_show_all_btm?ie=UTF8&reviewerType=all_reviews,10.0,"1,417 ratings",B0786W3ZVV
https://www.amazon.co.uk/Headphones-Earphones-Isolating-CBGGQ-Microphone-4-Pairs-Color/product-reviews/B07XRXHHMP/ref=cm_cr_dp_d_show_all_btm?ie=UTF8&reviewerType=all_reviews/ref=cm_cr_dp_d_show_all_btm?ie=UTF8&reviewerType=all_reviews,7.0,"10,154 ratings",B07XRXHHMP
https://www.amazon.co.uk/1MORE-Headphones-Bluetooth-Microphone-Waterproof-Black/product-reviews/B09LCN16FT/ref=cm_cr_dp_d_show_all_btm?ie=UTF8&reviewerType=all_reviews/ref=cm_cr_dp_d_show_all_btm?ie=UTF8&reviewerType=all_reviews,16.0,399 ratings,B09LCN16FT
https://www.amazon.co.uk/Bluetooth-Headphones-Earphones-Reduction-Waterproof/product-reviews/B098QSLZNQ/ref=cm_cr_dp_d_show_all_btm?ie=UTF8&reviewerType=all_reviews/ref=cm_cr_dp_d_show_all_btm?ie=UTF8&reviewerType=all_reviews,26.0,980 ratings,B098QSLZNQ
https://www.amazon.co.uk/Earphones-Blukar-Headphones-Sensitivity-Microphone-Black/product-reviews/B0B277Z8VY/ref=cm_cr_dp_d_show_all_btm?ie=UTF8&reviewerType=all_reviews/ref=cm_cr_dp_d_show_all_btm?ie=UTF8&reviewerType=all_reviews,5.0,"1,081 ratings",B0B277Z8VY
https://www.amazon.co.uk/Wireless-Headphones-Bluetooth-Over-Ear-Microphone-Black/product-reviews/B09TVHSVMR/ref=cm_cr_dp_d_show_all_btm?ie=UTF8&reviewerType=all_reviews/ref=cm_cr_dp_d_show_all_btm?ie=UTF8&reviewerType=all_reviews,18.0,650 ratings,B09TVHSVMR
https://www.amazon.co.uk/WorWoder-Headphones-Bluetooth-Lightweight-BLACK-RED/product-reviews/B08KRMRHSH/ref=cm_cr_dp_d_show_all_btm?ie=UTF8&reviewerType=all_reviews/ref=cm_cr_dp_d_show_all_btm?ie=UTF8&reviewerType=all_reviews,23.0,"5,866 ratings",B08KRMRHSH
https://www.amazon.co.uk/Betron-GLD100-Earphones-Headphones-Definition-Black-Without-Remote/product-reviews/B078T2NTJ8/ref=cm_cr_dp_d_show_all_btm?ie=UTF8&reviewerType=all_reviews/ref=cm_cr_dp_d_show_all_btm?ie=UTF8&reviewerType=all_reviews,,989 ratings,B078T2NTJ8
https://www.amazon.co.uk/Headphones-DyBaxa-Foldable-Adjustable-Headband-Sky-Blue/product-reviews/B09QC7G1V6/ref=cm_cr_dp_d_show_all_btm?ie=UTF8&reviewerType=all_reviews/ref=cm_cr_dp_d_show_all_btm?ie=UTF8&reviewerType=all_reviews,15.0,356 ratings,B09QC7G1V6
https://www.amazon.co.uk/Dascert-Headphones-Canceling-Bluetooth-Waterproof/product-reviews/B09GPKX5SN/ref=cm_cr_dp_d_show_all_btm?ie=UTF8&reviewerType=all_reviews/ref=cm_cr_dp_d_show_all_btm?ie=UTF8&reviewerType=all_reviews,29.0,"17,280 ratings",B09GPKX5SN
https://www.amazon.co.uk/DOQAUS-Headphones-Bluetooth-Headphoneswith-Microphone-Black/product-reviews/B0B1J29N2Q/ref=cm_cr_dp_d_show_all_btm?ie=UTF8&reviewerType=all_reviews/ref=cm_cr_dp_d_show_all_btm?ie=UTF8&reviewerType=all_reviews,27.0,151 ratings,B0B1J29N2Q
https://www.amazon.co.uk/Panasonic-RB-M700BE-C-Wireless-Headphones-Cancelling-Cream/product-reviews/B088PGSLQ7/ref=cm_cr_dp_d_show_all_btm?ie=UTF8&reviewerType=all_reviews/ref=cm_cr_dp_d_show_all_btm?ie=UTF8&reviewerType=all_reviews,107.0,94 ratings,B088PGSLQ7
https://www.amazon.co.uk/Headphones-Bluetooth-Headband-Headphone-Meditating-black/product-reviews/B0BLRN4YSB/ref=cm_cr_dp_d_show_all_btm?ie=UTF8&reviewerType=all_reviews/ref=cm_cr_dp_d_show_all_btm?ie=UTF8&reviewerType=all_reviews,30.0,221 ratings,B0BLRN4YSB
https://www.amazon.co.uk/RockPapa-Headphones-Earphones-Computer-SmartPhone-Blue-White/product-reviews/B0144WJVEA/ref=cm_cr_dp_d_show_all_btm?ie=UTF8&reviewerType=all_reviews/ref=cm_cr_dp_d_show_all_btm?ie=UTF8&reviewerType=all_reviews,13.0,"9,850 ratings",B0144WJVEA
https://www.amazon.co.uk/Certified-Earphones-Headphones-Isolating-Compatible-whiteTT/product-reviews/B0BQJ7JWXD/ref=cm_cr_dp_d_show_all_btm?ie=UTF8&reviewerType=all_reviews/ref=cm_cr_dp_d_show_all_btm?ie=UTF8&reviewerType=all_reviews,9.0,"2,670 ratings",B0BQJ7JWXD
https://www.amazon.co.uk/Razer-Blackshark-V2-headphones-reduction-Black/product-reviews/B089SSFV85/ref=cm_cr_dp_d_show_all_btm?ie=UTF8&reviewerType=all_reviews/ref=cm_cr_dp_d_show_all_btm?ie=UTF8&reviewerType=all_reviews,42.0,"6,335 ratings",B089SSFV85
https://www.amazon.co.uk/SPECTA-Earphones-Headphones-Microphone-Sound-Dynamic/product-reviews/B08MZHLH71/ref=cm_cr_dp_d_show_all_btm?ie=UTF8&reviewerType=all_reviews/ref=cm_cr_dp_d_show_all_btm?ie=UTF8&reviewerType=all_reviews,11.0,"4,461 ratings",B08MZHLH71
https://www.amazon.co.uk/Stealth-C6-300-Gaming-Headset-Xbox/product-reviews/B08P3XQNW4/ref=cm_cr_dp_d_show_all_btm?ie=UTF8&reviewerType=all_reviews/ref=cm_cr_dp_d_show_all_btm?ie=UTF8&reviewerType=all_reviews,21.0,200 ratings,B08P3XQNW4
https://www.amazon.co.uk/Earphones-CBGGQ-Headphones-Microphone-Smartphones-4-pairs-color/product-reviews/B07XRXSWQ6/ref=cm_cr_dp_d_show_all_btm?ie=UTF8&reviewerType=all_reviews/ref=cm_cr_dp_d_show_all_btm?ie=UTF8&reviewerType=all_reviews,8.0,"8,163 ratings",B07XRXSWQ6
https://www.amazon.co.uk/Eono-bluetooth-earphones-Waterproof-Headphones-White/product-reviews/B0882S5QNK/ref=cm_cr_dp_d_show_all_btm?ie=UTF8&reviewerType=all_reviews/ref=cm_cr_dp_d_show_all_btm?ie=UTF8&reviewerType=all_reviews,22.0,"3,668 ratings",B0882S5QNK
https://www.amazon.co.uk/Headphone-Detachable-Noise-Isolating-Musicians-Sweatproof-Black/product-reviews/B07T4J4VV4/ref=cm_cr_dp_d_show_all_btm?ie=UTF8&reviewerType=all_reviews/ref=cm_cr_dp_d_show_all_btm?ie=UTF8&reviewerType=all_reviews,18.0,858 ratings,B07T4J4VV4
https://www.amazon.co.uk/Betron-Earphones-Headphones-Definition-Microphone-gold-black/product-reviews/B00S2P0M1C/ref=cm_cr_dp_d_show_all_btm?ie=UTF8&reviewerType=all_reviews/ref=cm_cr_dp_d_show_all_btm?ie=UTF8&reviewerType=all_reviews,8.0,"27,905 ratings",B00S2P0M1C
https://www.amazon.co.uk/Panasonic-RP-HT225-Headphones-black/product-reviews/B00009V2P8/ref=cm_cr_dp_d_show_all_btm?ie=UTF8&reviewerType=all_reviews/ref=cm_cr_dp_d_show_all_btm?ie=UTF8&reviewerType=all_reviews,13.0,598 ratings,B00009V2P8
https://www.amazon.co.uk/Earphones-Headphones-Isolating-Microphone-Compatible-1-Pack-White-Black/product-reviews/B09YPX9FZQ/ref=cm_cr_dp_d_show_all_btm?ie=UTF8&reviewerType=all_reviews/ref=cm_cr_dp_d_show_all_btm?ie=UTF8&reviewerType=all_reviews,5.0,99 ratings,B09YPX9FZQ
https://www.amazon.co.uk/Headphones-Headband-Wireless-Speakers-Sleeping-Black/product-reviews/B0931YVWF4/ref=cm_cr_dp_d_show_all_btm?ie=UTF8&reviewerType=all_reviews/ref=cm_cr_dp_d_show_all_btm?ie=UTF8&reviewerType=all_reviews,20.0,"8,370 ratings",B0931YVWF4
https://www.amazon.co.uk/Heaphones-Comfortable-Tangle-Free-Headphone-Smartphone/product-reviews/B07PR2D333/ref=cm_cr_dp_d_show_all_btm?ie=UTF8&reviewerType=all_reviews/ref=cm_cr_dp_d_show_all_btm?ie=UTF8&reviewerType=all_reviews,13.0,492 ratings,B07PR2D333
https://www.amazon.co.uk/LilGadgets-Untangled-Childrens-Bluetooth-Headphones-Pink/product-reviews/B00HX0RTN6/ref=cm_cr_dp_d_show_all_btm?ie=UTF8&reviewerType=all_reviews/ref=cm_cr_dp_d_show_all_btm?ie=UTF8&reviewerType=all_reviews,45.0,"4,470 ratings",B00HX0RTN6
https://www.amazon.co.uk/XIAOWTEK-Bluetooth-Headphones-Cancelling-Waterproof-Black/product-reviews/B0BD4FFY2B/ref=cm_cr_dp_d_show_all_btm?ie=UTF8&reviewerType=all_reviews/ref=cm_cr_dp_d_show_all_btm?ie=UTF8&reviewerType=all_reviews,12.0,"1,996 ratings",B0BD4FFY2B
https://www.amazon.co.uk/iClever-Bluetooth-Headphones-Adjustable-Childrens-Green-Purple-Blue/product-reviews/B0872124F7/ref=cm_cr_dp_d_show_all_btm?ie=UTF8&reviewerType=all_reviews/ref=cm_cr_dp_d_show_all_btm?ie=UTF8&reviewerType=all_reviews,35.0,"6,996 ratings",B0872124F7
https://www.amazon.co.uk/Betron-GLD100-Earphones-Headphones-Definition-Black-Remote/product-reviews/B074PQVNYN/ref=cm_cr_dp_d_show_all_btm?ie=UTF8&reviewerType=all_reviews/ref=cm_cr_dp_d_show_all_btm?ie=UTF8&reviewerType=all_reviews,10.0,"2,611 ratings",B074PQVNYN
https://www.amazon.co.uk/Yatloml-Earphones-Headphones-Built-Microphone-Silver/product-reviews/B0BCNVX6YP/ref=cm_cr_dp_d_show_all_btm?ie=UTF8&reviewerType=all_reviews/ref=cm_cr_dp_d_show_all_btm?ie=UTF8&reviewerType=all_reviews,6.0,342 ratings,B0BCNVX6YP
https://www.amazon.co.uk/MuveAcoustics-Headphones-Performing-Microphone-Detachable/product-reviews/B01MQNB4A8/ref=cm_cr_dp_d_show_all_btm?ie=UTF8&reviewerType=all_reviews/ref=cm_cr_dp_d_show_all_btm?ie=UTF8&reviewerType=all_reviews,12.0,"4,909 ratings",B01MQNB4A8
https://www.amazon.co.uk/Noise-Cancelling-Headphones-Bluetooth-Wireless-BlacK/product-reviews/B07C8GM4H1/ref=cm_cr_dp_d_show_all_btm?ie=UTF8&reviewerType=all_reviews/ref=cm_cr_dp_d_show_all_btm?ie=UTF8&reviewerType=all_reviews,49.0,"12,944 ratings",B07C8GM4H1
https://www.amazon.co.uk/JBL-Tune-230NC-Ear-Headphones-Black/product-reviews/B09HGR1DVC/ref=cm_cr_dp_d_show_all_btm?ie=UTF8&reviewerType=all_reviews/ref=cm_cr_dp_d_show_all_btm?ie=UTF8&reviewerType=all_reviews,49.0,"8,255 ratings",B09HGR1DVC
https://www.amazon.co.uk/Isolating-Earbuds-Earphones-Headphones-Compatible-White-Xet/product-reviews/B0BTYFGHB2/ref=cm_cr_dp_d_show_all_btm?ie=UTF8&reviewerType=all_reviews/ref=cm_cr_dp_d_show_all_btm?ie=UTF8&reviewerType=all_reviews,7.0,"11,315 ratings",B0BTYFGHB2
https://www.amazon.co.uk/Snuggly-Rascals-Headband-Headphones-Ultra-Comfortable-Monster/product-reviews/B07CGX3FP8/ref=cm_cr_dp_d_show_all_btm?ie=UTF8&reviewerType=all_reviews/ref=cm_cr_dp_d_show_all_btm?ie=UTF8&reviewerType=all_reviews,6.0,"1,029 ratings",B07CGX3FP8
https://www.amazon.co.uk/Ymdei-Earphones-headphones-microphone-Compatible-ETYH-LT1/product-reviews/B0BRV3LCWK/ref=cm_cr_dp_d_show_all_btm?ie=UTF8&reviewerType=all_reviews/ref=cm_cr_dp_d_show_all_btm?ie=UTF8&reviewerType=all_reviews,7.0,"2,618 ratings",B0BRV3LCWK
https://www.amazon.co.uk/Senlee-Earbuds-Monitor-Earphone-Detachable-Silver/product-reviews/B08B4DZN4B/ref=cm_cr_dp_d_show_all_btm?ie=UTF8&reviewerType=all_reviews/ref=cm_cr_dp_d_show_all_btm?ie=UTF8&reviewerType=all_reviews,21.0,10 ratings,B08B4DZN4B
https://www.amazon.co.uk/Sony-WI-C310-Bluetooth-Wireless-Headphones-Blue/product-reviews/B07QXSV2GP/ref=cm_cr_dp_d_show_all_btm?ie=UTF8&reviewerType=all_reviews/ref=cm_cr_dp_d_show_all_btm?ie=UTF8&reviewerType=all_reviews,24.0,"1,880 ratings",B07QXSV2GP
https://www.amazon.co.uk/UGREEN-Headphones-Earphones-Microphone-Compatible/product-reviews/B08TQKNC62/ref=cm_cr_dp_d_show_all_btm?ie=UTF8&reviewerType=all_reviews/ref=cm_cr_dp_d_show_all_btm?ie=UTF8&reviewerType=all_reviews,12.0,"1,668 ratings",B08TQKNC62
https://www.amazon.co.uk/CASCHO-Headphones-Indicator-Bluetooth-Waterproof-Black/product-reviews/B0BLJXPRL9/ref=cm_cr_dp_d_show_all_btm?ie=UTF8&reviewerType=all_reviews/ref=cm_cr_dp_d_show_all_btm?ie=UTF8&reviewerType=all_reviews,24.0,"1,114 ratings",B0BLJXPRL9
https://www.amazon.co.uk/OIIAEE-Earphones-Microphone-Lightweight-Headphones-White/product-reviews/B0BKFZFT5R/ref=cm_cr_dp_d_show_all_btm?ie=UTF8&reviewerType=all_reviews/ref=cm_cr_dp_d_show_all_btm?ie=UTF8&reviewerType=all_reviews,7.0,207 ratings,B0BKFZFT5R
https://www.amazon.co.uk/Ludos-FEROX-Headphones-Microphone-Videoconference-White/product-reviews/B0BM4HGSFJ/ref=cm_cr_dp_d_show_all_btm?ie=UTF8&reviewerType=all_reviews/ref=cm_cr_dp_d_show_all_btm?ie=UTF8&reviewerType=all_reviews,5.0,536 ratings,B0BM4HGSFJ
https://www.amazon.co.uk/Bluetooth-Headphones-Earphones-Cancelling-Waterproof-Dark-Black/product-reviews/B0BG5MKFY8/ref=cm_cr_dp_d_show_all_btm?ie=UTF8&reviewerType=all_reviews/ref=cm_cr_dp_d_show_all_btm?ie=UTF8&reviewerType=all_reviews,17.0,"3,785 ratings",B0BG5MKFY8
https://www.amazon.co.uk/JBL-Tune-510BT-Ear-Headphones-Black/product-reviews/B08WM3LMJF/ref=cm_cr_dp_d_show_all_btm?ie=UTF8&reviewerType=all_reviews/ref=cm_cr_dp_d_show_all_btm?ie=UTF8&reviewerType=all_reviews,45.0,"20,614 ratings",B08WM3LMJF
https://www.amazon.co.uk/Guguearth-Lightning-Headphones-Earphones-Compatible/product-reviews/B09C3J6VV4/ref=cm_cr_dp_d_show_all_btm?ie=UTF8&reviewerType=all_reviews/ref=cm_cr_dp_d_show_all_btm?ie=UTF8&reviewerType=all_reviews,17.0,"1,197 ratings",B09C3J6VV4
https://www.amazon.co.uk/Belkin-SoundForm-Headphones-Microphone-Compatible-Pink/product-reviews/B08ZS9KTV6/ref=cm_cr_dp_d_show_all_btm?ie=UTF8&reviewerType=all_reviews/ref=cm_cr_dp_d_show_all_btm?ie=UTF8&reviewerType=all_reviews,26.0,305 ratings,B08ZS9KTV6
https://www.amazon.co.uk/Bluetooth-Headphones-Earphones-Microphone-Waterproof-Black/product-reviews/B0B38L9LZ2/ref=cm_cr_dp_d_show_all_btm?ie=UTF8&reviewerType=all_reviews/ref=cm_cr_dp_d_show_all_btm?ie=UTF8&reviewerType=all_reviews,29.0,693 ratings,B0B38L9LZ2
https://www.amazon.co.uk/TOZO-T10-Bluetooth-Headphones-Waterproof-white/product-reviews/B07RP6NF5J/ref=cm_cr_dp_d_show_all_btm?ie=UTF8&reviewerType=all_reviews/ref=cm_cr_dp_d_show_all_btm?ie=UTF8&reviewerType=all_reviews,22.0,"323,927 ratings",B07RP6NF5J
https://www.amazon.co.uk/Betron-Bluetooth-Headphones-Wireless-Microphone-Black/product-reviews/B01M8FLGB2/ref=cm_cr_dp_d_show_all_btm?ie=UTF8&reviewerType=all_reviews/ref=cm_cr_dp_d_show_all_btm?ie=UTF8&reviewerType=all_reviews,27.0,"5,725 ratings",B01M8FLGB2
https://www.amazon.co.uk/Headphones-Wireless-Bluetooth-Foldable-Microphone-purple/product-reviews/B08R62WZ1Y/ref=cm_cr_dp_d_show_all_btm?ie=UTF8&reviewerType=all_reviews/ref=cm_cr_dp_d_show_all_btm?ie=UTF8&reviewerType=all_reviews,19.0,"1,585 ratings",B08R62WZ1Y
https://www.amazon.co.uk/Bluetooth-Headphones-Earphones-Waterproof-Cancelling-White/product-reviews/B0BHNZ635C/ref=cm_cr_dp_d_show_all_btm?ie=UTF8&reviewerType=all_reviews/ref=cm_cr_dp_d_show_all_btm?ie=UTF8&reviewerType=all_reviews,19.0,"1,971 ratings",B0BHNZ635C
https://www.amazon.co.uk/Bluetooth-Headphones-Earphones-Cancelling-Waterproof-Red/product-reviews/B0BM3T3Q5K/ref=cm_cr_dp_d_show_all_btm?ie=UTF8&reviewerType=all_reviews/ref=cm_cr_dp_d_show_all_btm?ie=UTF8&reviewerType=all_reviews,19.0,166 ratings,B0BM3T3Q5K
https://www.amazon.co.uk/Betron-Isolating-Headphones-Smartphones-Microphone-Gold/product-reviews/B079GFY21T/ref=cm_cr_dp_d_show_all_btm?ie=UTF8&reviewerType=all_reviews/ref=cm_cr_dp_d_show_all_btm?ie=UTF8&reviewerType=all_reviews,10.0,"8,462 ratings",B079GFY21T
https://www.amazon.co.uk/gorsun-Headphones-decorative-children-Blue-blue/product-reviews/B083RSDZHJ/ref=cm_cr_dp_d_show_all_btm?ie=UTF8&reviewerType=all_reviews/ref=cm_cr_dp_d_show_all_btm?ie=UTF8&reviewerType=all_reviews,12.0,"2,623 ratings",B083RSDZHJ
https://www.amazon.co.uk/Marshall-Major-Foldable-Bluetooth-Headphones-Black/product-reviews/B08KHT2HDT/ref=cm_cr_dp_d_show_all_btm?ie=UTF8&reviewerType=all_reviews/ref=cm_cr_dp_d_show_all_btm?ie=UTF8&reviewerType=all_reviews,129.0,"4,723 ratings",B08KHT2HDT
https://www.amazon.co.uk/Bluetooth-Headphones-Microphone-Lightweight-Cellphone-purple/product-reviews/B089FTMVM5/ref=cm_cr_dp_d_show_all_btm?ie=UTF8&reviewerType=all_reviews/ref=cm_cr_dp_d_show_all_btm?ie=UTF8&reviewerType=all_reviews,19.0,"15,057 ratings",B089FTMVM5
https://www.amazon.co.uk/Lankey-Pro-Headphones-Microphone-Waterproof-Black/product-reviews/B0BL3LJL51/ref=cm_cr_dp_d_show_all_btm?ie=UTF8&reviewerType=all_reviews/ref=cm_cr_dp_d_show_all_btm?ie=UTF8&reviewerType=all_reviews,19.0,54 ratings,B0BL3LJL51
https://www.amazon.co.uk/Headphones-Wireless-Bluetooth-Childrens-Microphone-Pink/product-reviews/B08ZSD8KJ3/ref=cm_cr_dp_d_show_all_btm?ie=UTF8&reviewerType=all_reviews/ref=cm_cr_dp_d_show_all_btm?ie=UTF8&reviewerType=all_reviews,17.0,217 ratings,B08ZSD8KJ3
https://www.amazon.co.uk/Headphones-Bluetooth-Headband-Wireless-Waterproof-grey/product-reviews/B083Z2DBML/ref=cm_cr_dp_d_show_all_btm?ie=UTF8&reviewerType=all_reviews/ref=cm_cr_dp_d_show_all_btm?ie=UTF8&reviewerType=all_reviews,14.0,"9,097 ratings",B083Z2DBML
https://www.amazon.co.uk/Headphones-foldable-lightweight-Children-Headphones-Yellow-Yellow/product-reviews/B07H2XHPN5/ref=cm_cr_dp_d_show_all_btm?ie=UTF8&reviewerType=all_reviews/ref=cm_cr_dp_d_show_all_btm?ie=UTF8&reviewerType=all_reviews,12.0,"1,788 ratings",B07H2XHPN5
https://www.amazon.co.uk/Kimwood-Headphones-Earphones-Microphone-Compatible-White/product-reviews/B0BD1WP1L6/ref=cm_cr_dp_d_show_all_btm?ie=UTF8&reviewerType=all_reviews/ref=cm_cr_dp_d_show_all_btm?ie=UTF8&reviewerType=all_reviews,9.0,131 ratings,B0BD1WP1L6
https://www.amazon.co.uk/Veho-Headphones-Isolating-Earbuds-Earphones/product-reviews/B0063W8VAK/ref=cm_cr_dp_d_show_all_btm?ie=UTF8&reviewerType=all_reviews/ref=cm_cr_dp_d_show_all_btm?ie=UTF8&reviewerType=all_reviews,11.0,"1,242 ratings",B0063W8VAK
https://www.amazon.co.uk/Headphones-LAIBUY-Foldable-Bluetooth-Headphone-Purple/product-reviews/B09NN384Q3/ref=cm_cr_dp_d_show_all_btm?ie=UTF8&reviewerType=all_reviews/ref=cm_cr_dp_d_show_all_btm?ie=UTF8&reviewerType=all_reviews,19.0,196 ratings,B09NN384Q3
https://www.amazon.co.uk/Earphones-Microphone-Ear-Headphones-Reinforced-Pink/product-reviews/B07VNX5NTF/ref=cm_cr_dp_d_show_all_btm?ie=UTF8&reviewerType=all_reviews/ref=cm_cr_dp_d_show_all_btm?ie=UTF8&reviewerType=all_reviews,14.0,"23,297 ratings",B07VNX5NTF
https://www.amazon.co.uk/Razer-Blackshark-USB-sound-card-Black/product-reviews/B089SSH6L6/ref=cm_cr_dp_d_show_all_btm?ie=UTF8&reviewerType=all_reviews/ref=cm_cr_dp_d_show_all_btm?ie=UTF8&reviewerType=all_reviews,83.0,"3,891 ratings",B089SSH6L6
https://www.amazon.co.uk/Sennheiser-MX-375-Ear-Headphones-Black/product-reviews/B0076Z7668/ref=cm_cr_dp_d_show_all_btm?ie=UTF8&reviewerType=all_reviews/ref=cm_cr_dp_d_show_all_btm?ie=UTF8&reviewerType=all_reviews,14.0,"2,333 ratings",B0076Z7668
https://www.amazon.co.uk/JBL-Wireless-Bluetooth-Headphones-Charging-Blue/product-reviews/B09KVGZ7VY/ref=cm_cr_dp_d_show_all_btm?ie=UTF8&reviewerType=all_reviews/ref=cm_cr_dp_d_show_all_btm?ie=UTF8&reviewerType=all_reviews,39.0,924 ratings,B09KVGZ7VY
https://www.amazon.co.uk/Headphones-LAIBUY-Foldable-Bluetooth-Headphone-pink/product-reviews/B095PQRL9Q/ref=cm_cr_dp_d_show_all_btm?ie=UTF8&reviewerType=all_reviews/ref=cm_cr_dp_d_show_all_btm?ie=UTF8&reviewerType=all_reviews,16.0,546 ratings,B095PQRL9Q
https://www.amazon.co.uk/RockPapa-Adjustable-Headphones-Lightweight-Tablets-Black/product-reviews/B0144Y4SSC/ref=cm_cr_dp_d_show_all_btm?ie=UTF8&reviewerType=all_reviews/ref=cm_cr_dp_d_show_all_btm?ie=UTF8&reviewerType=all_reviews,7.0,399 ratings,B0144Y4SSC
https://www.amazon.co.uk/Soundcore-Cancelling-Wireless-Charging-Sleeping-Navy-Blue/product-reviews/B093SL1W2H/ref=cm_cr_dp_d_show_all_btm?ie=UTF8&reviewerType=all_reviews/ref=cm_cr_dp_d_show_all_btm?ie=UTF8&reviewerType=all_reviews,69.0,"21,511 ratings",B093SL1W2H
https://www.amazon.co.uk/Samsung-EO-IC100BBEGEU-headphones-headset-Binaural-Black/product-reviews/B0819X67PZ/ref=cm_cr_dp_d_show_all_btm?ie=UTF8&reviewerType=all_reviews/ref=cm_cr_dp_d_show_all_btm?ie=UTF8&reviewerType=all_reviews,13.0,"6,350 ratings",B0819X67PZ
https://www.amazon.co.uk/Betron-Earphones-Headphones-Microphone-Ergonomic-Black/product-reviews/B01MA1MJ6H/ref=cm_cr_dp_d_show_all_btm?ie=UTF8&reviewerType=all_reviews/ref=cm_cr_dp_d_show_all_btm?ie=UTF8&reviewerType=all_reviews,12.0,"18,924 ratings",B01MA1MJ6H
https://www.amazon.co.uk/Earphones-Headphones-Isolating-Microphone-Compatible-White-black/product-reviews/B0BFXM39DD/ref=cm_cr_dp_d_show_all_btm?ie=UTF8&reviewerType=all_reviews/ref=cm_cr_dp_d_show_all_btm?ie=UTF8&reviewerType=all_reviews,6.0,12 ratings,B0BFXM39DD
https://www.amazon.co.uk/Headphones-Earphones-Earbuds-Microphone-Control/product-reviews/B0B2DTNYRJ/ref=cm_cr_dp_d_show_all_btm?ie=UTF8&reviewerType=all_reviews/ref=cm_cr_dp_d_show_all_btm?ie=UTF8&reviewerType=all_reviews,9.0,822 ratings,B0B2DTNYRJ
https://www.amazon.co.uk/Betron-Earphones-Headphones-Balanced-Isolating-Gold/product-reviews/B074P5YG9M/ref=cm_cr_dp_d_show_all_btm?ie=UTF8&reviewerType=all_reviews/ref=cm_cr_dp_d_show_all_btm?ie=UTF8&reviewerType=all_reviews,8.0,"6,526 ratings",B074P5YG9M
https://www.amazon.co.uk/NEXUS-Headphones-Earphones-Microphone-Isolating/product-reviews/B09WV6NV31/ref=cm_cr_dp_d_show_all_btm?ie=UTF8&reviewerType=all_reviews/ref=cm_cr_dp_d_show_all_btm?ie=UTF8&reviewerType=all_reviews,9.0,"1,542 ratings",B09WV6NV31
https://www.amazon.co.uk/King-Microphone-Cancellation-Headphones-Compatible-White/product-reviews/B0BV792BWB/ref=cm_cr_dp_d_show_all_btm?ie=UTF8&reviewerType=all_reviews/ref=cm_cr_dp_d_show_all_btm?ie=UTF8&reviewerType=all_reviews,4.0,,B0BV792BWB
https://www.amazon.co.uk/Philips-SHQ1200-10-Sweatproof-Headphones-Black-Red/product-reviews/B008ZW2X0U/ref=cm_cr_dp_d_show_all_btm?ie=UTF8&reviewerType=all_reviews/ref=cm_cr_dp_d_show_all_btm?ie=UTF8&reviewerType=all_reviews,19.0,"5,150 ratings",B008ZW2X0U
https://www.amazon.co.uk/Headphones-X08-Bluetooth-Microphone-Waterproof-Rose-Gold/product-reviews/B09MLYQDMS/ref=cm_cr_dp_d_show_all_btm?ie=UTF8&reviewerType=all_reviews/ref=cm_cr_dp_d_show_all_btm?ie=UTF8&reviewerType=all_reviews,19.0,"4,944 ratings",B09MLYQDMS
https://www.amazon.co.uk/Sony-MDR-XB510AS-Extrabass-Splashproof-Headphones-Blue/product-reviews/B01N0XC30Q/ref=cm_cr_dp_d_show_all_btm?ie=UTF8&reviewerType=all_reviews/ref=cm_cr_dp_d_show_all_btm?ie=UTF8&reviewerType=all_reviews,23.0,"1,487 ratings",B01N0XC30Q
https://www.amazon.co.uk/ZS10Pro-Headphone-Earphone-Guitarist-Microphone-Matte-Black/product-reviews/B09G6S6BSK/ref=cm_cr_dp_d_show_all_btm?ie=UTF8&reviewerType=all_reviews/ref=cm_cr_dp_d_show_all_btm?ie=UTF8&reviewerType=all_reviews,45.0,"2,248 ratings",B09G6S6BSK
https://www.amazon.co.uk/Sony-MDR-ZX110-Stereo-Headphone-Black/product-reviews/B00NJ2M33I/ref=cm_cr_dp_d_show_all_btm?ie=UTF8&reviewerType=all_reviews/ref=cm_cr_dp_d_show_all_btm?ie=UTF8&reviewerType=all_reviews,14.0,"57,733 ratings",B00NJ2M33I
https://www.amazon.co.uk/Remax-S2-Black-4-1-Wireless-Headphones/product-reviews/B0150GEZA4/ref=cm_cr_dp_d_show_all_btm?ie=UTF8&reviewerType=all_reviews/ref=cm_cr_dp_d_show_all_btm?ie=UTF8&reviewerType=all_reviews,,71 ratings,B0150GEZA4
https://www.amazon.co.uk/PowerLocus-Bluetooth-Headphones-Headphone-Microphone-Black/product-reviews/B07RTWLVC6/ref=cm_cr_dp_d_show_all_btm?ie=UTF8&reviewerType=all_reviews/ref=cm_cr_dp_d_show_all_btm?ie=UTF8&reviewerType=all_reviews,22.0,"1,807 ratings",B07RTWLVC6
https://www.amazon.co.uk/gorsun-A66-Headphones-Foldable-Adjustable-pink/product-reviews/B09B3HYT71/ref=cm_cr_dp_d_show_all_btm?ie=UTF8&reviewerType=all_reviews/ref=cm_cr_dp_d_show_all_btm?ie=UTF8&reviewerType=all_reviews,12.0,"2,331 ratings",B09B3HYT71
https://www.amazon.co.uk/Headphones-Bluetooth-Headband-Wireless-Breathable/product-reviews/B09FLJ6R1W/ref=cm_cr_dp_d_show_all_btm?ie=UTF8&reviewerType=all_reviews/ref=cm_cr_dp_d_show_all_btm?ie=UTF8&reviewerType=all_reviews,9.0,21 ratings,B09FLJ6R1W
https://www.amazon.co.uk/Headphones-Tribit-Microphone-Starlet-01-Pink/product-reviews/B09LV7LGF4/ref=cm_cr_dp_d_show_all_btm?ie=UTF8&reviewerType=all_reviews/ref=cm_cr_dp_d_show_all_btm?ie=UTF8&reviewerType=all_reviews,13.0,"1,044 ratings",B09LV7LGF4
https://www.amazon.co.uk/HyperX-HX-HSCSCX-BK-CloudX-Stinger-Headset/product-reviews/B07KYC1VL7/ref=cm_cr_dp_d_show_all_btm?ie=UTF8&reviewerType=all_reviews/ref=cm_cr_dp_d_show_all_btm?ie=UTF8&reviewerType=all_reviews,32.0,"16,358 ratings",B07KYC1VL7
https://www.amazon.co.uk/OTL-Patrol-Chase-Childrens-Headphones-blue/product-reviews/B08GS9Z1BN/ref=cm_cr_dp_d_show_all_btm?ie=UTF8&reviewerType=all_reviews/ref=cm_cr_dp_d_show_all_btm?ie=UTF8&reviewerType=all_reviews,14.0,186 ratings,B08GS9Z1BN
https://www.amazon.co.uk/Panasonic-RP-HV094E-K-Earphones-Neodymium-Magnet-Black/product-reviews/B001EXK2DW/ref=cm_cr_dp_d_show_all_btm?ie=UTF8&reviewerType=all_reviews/ref=cm_cr_dp_d_show_all_btm?ie=UTF8&reviewerType=all_reviews,4.0,"1,542 ratings",B001EXK2DW
https://www.amazon.co.uk/Wireless-Bluetooth-Headphones-Earphones-Playtime-Panda/product-reviews/B098X7WYGT/ref=cm_cr_dp_d_show_all_btm?ie=UTF8&reviewerType=all_reviews/ref=cm_cr_dp_d_show_all_btm?ie=UTF8&reviewerType=all_reviews,29.0,"2,024 ratings",B098X7WYGT
https://www.amazon.co.uk/PALOVUE-Headphones-Earphones-Cancelling-SportSound-Blue/product-reviews/B09GK6H5P2/ref=cm_cr_dp_d_show_all_btm?ie=UTF8&reviewerType=all_reviews/ref=cm_cr_dp_d_show_all_btm?ie=UTF8&reviewerType=all_reviews,27.0,"4,023 ratings",B09GK6H5P2
https://www.amazon.co.uk/Bluetooth-Earphones-Waterproof-Headphones-Cancelling-Black/product-reviews/B09W9GNJKM/ref=cm_cr_dp_d_show_all_btm?ie=UTF8&reviewerType=all_reviews/ref=cm_cr_dp_d_show_all_btm?ie=UTF8&reviewerType=all_reviews,19.0,264 ratings,B09W9GNJKM
https://www.amazon.co.uk/Wireless-Bluetooth-Headphones-Waterproof-Earphones-BLACK/product-reviews/B09N7R5P99/ref=cm_cr_dp_d_show_all_btm?ie=UTF8&reviewerType=all_reviews/ref=cm_cr_dp_d_show_all_btm?ie=UTF8&reviewerType=all_reviews,15.0,"3,163 ratings",B09N7R5P99
https://www.amazon.co.uk/DOQAUS-Bluetooth-Headphones-Wireless-Microphone-Black/product-reviews/B0BG74GRYT/ref=cm_cr_dp_d_show_all_btm?ie=UTF8&reviewerType=all_reviews/ref=cm_cr_dp_d_show_all_btm?ie=UTF8&reviewerType=all_reviews,21.0,451 ratings,B0BG74GRYT
https://www.amazon.co.uk/Sony-WF-C500-Wireless-Headphones-Built-White/product-reviews/B09FKFY395/ref=cm_cr_dp_d_show_all_btm?ie=UTF8&reviewerType=all_reviews/ref=cm_cr_dp_d_show_all_btm?ie=UTF8&reviewerType=all_reviews,59.0,"8,688 ratings",B09FKFY395
https://www.amazon.co.uk/Cancelling-Microphone-Headphones-Exercise-Audio-Conference-Black/product-reviews/B09KJ79R8D/ref=cm_cr_dp_d_show_all_btm?ie=UTF8&reviewerType=all_reviews/ref=cm_cr_dp_d_show_all_btm?ie=UTF8&reviewerType=all_reviews,19.0,36 ratings,B09KJ79R8D
https://www.amazon.co.uk/NOVA-Earbuds-Headphones-Microphone-WARRANTY/product-reviews/B09NNNZPP3/ref=cm_cr_dp_d_show_all_btm?ie=UTF8&reviewerType=all_reviews/ref=cm_cr_dp_d_show_all_btm?ie=UTF8&reviewerType=all_reviews,14.0,"2,570 ratings",B09NNNZPP3
https://www.amazon.co.uk/UrbanX-Stereo-Headphones-Samsung-Braided-Black/product-reviews/B0912CBPXR/ref=cm_cr_dp_d_show_all_btm?ie=UTF8&reviewerType=all_reviews/ref=cm_cr_dp_d_show_all_btm?ie=UTF8&reviewerType=all_reviews,11.0,200 ratings,B0912CBPXR
https://www.amazon.co.uk/OpenMove-Bluetooth-Headphones-Conduction-Waterproof-Grey/product-reviews/B09BW29FJS/ref=cm_cr_dp_d_show_all_btm?ie=UTF8&reviewerType=all_reviews/ref=cm_cr_dp_d_show_all_btm?ie=UTF8&reviewerType=all_reviews,79.0,"6,407 ratings",B09BW29FJS
https://www.amazon.co.uk/Stealth-Shadow-Premium-Performance-Headset/product-reviews/B08LF3XX8M/ref=cm_cr_dp_d_show_all_btm?ie=UTF8&reviewerType=all_reviews/ref=cm_cr_dp_d_show_all_btm?ie=UTF8&reviewerType=all_reviews,10.0,170 ratings,B08LF3XX8M
