URLs,Price,#Ratings
https://www.amazon.co.uk/TONEMAC-Earphones-Bluetooth-Headphones-Waterproof-Black/product-reviews/B0B9MCKZJF/ref=cm_cr_dp_d_show_all_btm?ie=UTF8&reviewerType=all_reviews/ref=cm_cr_dp_d_show_all_btm?ie=UTF8&reviewerType=all_reviews,29,839 ratings
https://www.amazon.co.uk/Thomson-Over-Ear-Headphones-Cable-Black/product-reviews/B01N6NQ73J/ref=cm_cr_dp_d_show_all_btm?ie=UTF8&reviewerType=all_reviews/ref=cm_cr_dp_d_show_all_btm?ie=UTF8&reviewerType=all_reviews,16,"4,724 ratings"
https://www.amazon.co.uk/Bluetooth-Headphones-Cancelling-Earphones-Waterproof-white/product-reviews/B0B65B14L1/ref=cm_cr_dp_d_show_all_btm?ie=UTF8&reviewerType=all_reviews/ref=cm_cr_dp_d_show_all_btm?ie=UTF8&reviewerType=all_reviews,17,"8,614 ratings"
https://www.amazon.co.uk/Bluetooth-Headphones-Cancelling-Waterproof-Microphone-black/product-reviews/B0BB9RDFDN/ref=cm_cr_dp_d_show_all_btm?ie=UTF8&reviewerType=all_reviews/ref=cm_cr_dp_d_show_all_btm?ie=UTF8&reviewerType=all_reviews,19,"1,982 ratings"
https://www.amazon.co.uk/JBL-Tune-510-BT-Blue/product-reviews/B08QTVL6C5/ref=cm_cr_dp_d_show_all_btm?ie=UTF8&reviewerType=all_reviews/ref=cm_cr_dp_d_show_all_btm?ie=UTF8&reviewerType=all_reviews,39,"5,910 ratings"
https://www.amazon.co.uk/Headphones-Bluetooth-Earphones-Waterproof-Cancelling-Black/product-reviews/B09BN47YHV/ref=cm_cr_dp_d_show_all_btm?ie=UTF8&reviewerType=all_reviews/ref=cm_cr_dp_d_show_all_btm?ie=UTF8&reviewerType=all_reviews,16,"11,003 ratings"
https://www.amazon.co.uk/Yamaha-Electronics-FBA_HPH50B-HPH-50B-Headphone-Black/product-reviews/B00X3L05VM/ref=cm_cr_dp_d_show_all_btm?ie=UTF8&reviewerType=all_reviews/ref=cm_cr_dp_d_show_all_btm?ie=UTF8&reviewerType=all_reviews,26,"1,681 ratings"
https://www.amazon.co.uk/gorsun-bluetooth-headphones-Childrens-mix/product-reviews/B083RYGTFT/ref=cm_cr_dp_d_show_all_btm?ie=UTF8&reviewerType=all_reviews/ref=cm_cr_dp_d_show_all_btm?ie=UTF8&reviewerType=all_reviews,37,"5,513 ratings"
https://www.amazon.co.uk/iClever-Bluetooth-Headphones-Colorful-Childrens-Light-blue/product-reviews/B08CZM61Z2/ref=cm_cr_dp_d_show_all_btm?ie=UTF8&reviewerType=all_reviews/ref=cm_cr_dp_d_show_all_btm?ie=UTF8&reviewerType=all_reviews,21,"3,120 ratings"
https://www.amazon.co.uk/Hearprotek-Lightweight-Silicone-Headphones-Relaxation/product-reviews/B0832K9P66/ref=cm_cr_dp_d_show_all_btm?ie=UTF8&reviewerType=all_reviews/ref=cm_cr_dp_d_show_all_btm?ie=UTF8&reviewerType=all_reviews,16,"1,882 ratings"
https://www.amazon.co.uk/LORLEI-O1-USB-Headphones-Wired-Black/product-reviews/B0BV6QCWX3/ref=cm_cr_dp_d_show_all_btm?ie=UTF8&reviewerType=all_reviews/ref=cm_cr_dp_d_show_all_btm?ie=UTF8&reviewerType=all_reviews,,
https://www.amazon.co.uk/SONY-WI-C200-Wireless-Bluetooth-Headphones-Black/product-reviews/B07QYWD718/ref=cm_cr_dp_d_show_all_btm?ie=UTF8&reviewerType=all_reviews/ref=cm_cr_dp_d_show_all_btm?ie=UTF8&reviewerType=all_reviews,22,"6,874 ratings"
https://www.amazon.co.uk/Jabra-Evolve2-Wireless-Headset-Long-Lasting-Black/product-reviews/B08633D2K5/ref=cm_cr_dp_d_show_all_btm?ie=UTF8&reviewerType=all_reviews/ref=cm_cr_dp_d_show_all_btm?ie=UTF8&reviewerType=all_reviews,324,907 ratings
https://www.amazon.co.uk/Wireless-Headphones-Soundcore-Bluetooth-Playtime/product-reviews/B099DP3617/ref=cm_cr_dp_d_show_all_btm?ie=UTF8&reviewerType=all_reviews/ref=cm_cr_dp_d_show_all_btm?ie=UTF8&reviewerType=all_reviews,21,"11,662 ratings"
https://www.amazon.co.uk/Sony-WH-CH720N-Cancelling-Bluetooth-Headphones-Black/product-reviews/B0BTDX26B2/ref=cm_cr_dp_d_show_all_btm?ie=UTF8&reviewerType=all_reviews/ref=cm_cr_dp_d_show_all_btm?ie=UTF8&reviewerType=all_reviews,99,55 ratings
https://www.amazon.co.uk/Betron-Earphones-Headphones-Definition-BlackBerry-Black/product-reviews/B00I3LTQ9O/ref=cm_cr_dp_d_show_all_btm?ie=UTF8&reviewerType=all_reviews/ref=cm_cr_dp_d_show_all_btm?ie=UTF8&reviewerType=all_reviews,10,"20,055 ratings"
https://www.amazon.co.uk/Sony-MDREX110APB-CE7-Earphones-Smartphone-Control-Metallic-Black/product-reviews/B00I3LUUIU/ref=cm_cr_dp_d_show_all_btm?ie=UTF8&reviewerType=all_reviews/ref=cm_cr_dp_d_show_all_btm?ie=UTF8&reviewerType=all_reviews,14,"10,697 ratings"
https://www.amazon.co.uk/Betron-AX1-Isolating-Headphones-Microphone/product-reviews/B0786W3ZVV/ref=cm_cr_dp_d_show_all_btm?ie=UTF8&reviewerType=all_reviews/ref=cm_cr_dp_d_show_all_btm?ie=UTF8&reviewerType=all_reviews,10,"1,417 ratings"
https://www.amazon.co.uk/Headphones-Earphones-Isolating-CBGGQ-Microphone-4-Pairs-Color/product-reviews/B07XRXHHMP/ref=cm_cr_dp_d_show_all_btm?ie=UTF8&reviewerType=all_reviews/ref=cm_cr_dp_d_show_all_btm?ie=UTF8&reviewerType=all_reviews,7,"10,154 ratings"
https://www.amazon.co.uk/Urbanista-Bluetooth-Headphones-Cancelling-Microphone-Teal-Green/product-reviews/B08TLV4XYJ/ref=cm_cr_dp_d_show_all_btm?ie=UTF8&reviewerType=all_reviews/ref=cm_cr_dp_d_show_all_btm?ie=UTF8&reviewerType=all_reviews,98,322 ratings
https://www.amazon.co.uk/1MORE-Headphones-Bluetooth-Microphone-Waterproof-Black/product-reviews/B09LCN16FT/ref=cm_cr_dp_d_show_all_btm?ie=UTF8&reviewerType=all_reviews/ref=cm_cr_dp_d_show_all_btm?ie=UTF8&reviewerType=all_reviews,16,399 ratings
https://www.amazon.co.uk/Bluetooth-Headphones-Earphones-Reduction-Waterproof/product-reviews/B098QSLZNQ/ref=cm_cr_dp_d_show_all_btm?ie=UTF8&reviewerType=all_reviews/ref=cm_cr_dp_d_show_all_btm?ie=UTF8&reviewerType=all_reviews,26,980 ratings
https://www.amazon.co.uk/Earphones-Blukar-Headphones-Sensitivity-Microphone-Black/product-reviews/B0B277Z8VY/ref=cm_cr_dp_d_show_all_btm?ie=UTF8&reviewerType=all_reviews/ref=cm_cr_dp_d_show_all_btm?ie=UTF8&reviewerType=all_reviews,5,"1,081 ratings"
https://www.amazon.co.uk/Wireless-Headphones-Bluetooth-Over-Ear-Microphone-Black/product-reviews/B09TVHSVMR/ref=cm_cr_dp_d_show_all_btm?ie=UTF8&reviewerType=all_reviews/ref=cm_cr_dp_d_show_all_btm?ie=UTF8&reviewerType=all_reviews,18,650 ratings
https://www.amazon.co.uk/WorWoder-Headphones-Bluetooth-Lightweight-BLACK-RED/product-reviews/B08KRMRHSH/ref=cm_cr_dp_d_show_all_btm?ie=UTF8&reviewerType=all_reviews/ref=cm_cr_dp_d_show_all_btm?ie=UTF8&reviewerType=all_reviews,23,"5,866 ratings"
https://www.amazon.co.uk/Betron-GLD100-Earphones-Headphones-Definition-Black-Without-Remote/product-reviews/B078T2NTJ8/ref=cm_cr_dp_d_show_all_btm?ie=UTF8&reviewerType=all_reviews/ref=cm_cr_dp_d_show_all_btm?ie=UTF8&reviewerType=all_reviews,,989 ratings
https://www.amazon.co.uk/Headphones-DyBaxa-Foldable-Adjustable-Headband-Sky-Blue/product-reviews/B09QC7G1V6/ref=cm_cr_dp_d_show_all_btm?ie=UTF8&reviewerType=all_reviews/ref=cm_cr_dp_d_show_all_btm?ie=UTF8&reviewerType=all_reviews,15,356 ratings
https://www.amazon.co.uk/Dascert-Headphones-Canceling-Bluetooth-Waterproof/product-reviews/B09GPKX5SN/ref=cm_cr_dp_d_show_all_btm?ie=UTF8&reviewerType=all_reviews/ref=cm_cr_dp_d_show_all_btm?ie=UTF8&reviewerType=all_reviews,29,"17,280 ratings"
https://www.amazon.co.uk/DOQAUS-Headphones-Bluetooth-Headphoneswith-Microphone-Black/product-reviews/B0B1J29N2Q/ref=cm_cr_dp_d_show_all_btm?ie=UTF8&reviewerType=all_reviews/ref=cm_cr_dp_d_show_all_btm?ie=UTF8&reviewerType=all_reviews,27,151 ratings
https://www.amazon.co.uk/Panasonic-RB-M700BE-C-Wireless-Headphones-Cancelling-Cream/product-reviews/B088PGSLQ7/ref=cm_cr_dp_d_show_all_btm?ie=UTF8&reviewerType=all_reviews/ref=cm_cr_dp_d_show_all_btm?ie=UTF8&reviewerType=all_reviews,107,94 ratings
https://www.amazon.co.uk/Headphones-Bluetooth-Headband-Headphone-Meditating-black/product-reviews/B0BLRN4YSB/ref=cm_cr_dp_d_show_all_btm?ie=UTF8&reviewerType=all_reviews/ref=cm_cr_dp_d_show_all_btm?ie=UTF8&reviewerType=all_reviews,30,221 ratings
https://www.amazon.co.uk/RockPapa-Headphones-Earphones-Computer-SmartPhone-Blue-White/product-reviews/B0144WJVEA/ref=cm_cr_dp_d_show_all_btm?ie=UTF8&reviewerType=all_reviews/ref=cm_cr_dp_d_show_all_btm?ie=UTF8&reviewerType=all_reviews,13,"9,850 ratings"
https://www.amazon.co.uk/Certified-Earphones-Headphones-Isolating-Compatible-whiteTT/product-reviews/B0BQJ7JWXD/ref=cm_cr_dp_d_show_all_btm?ie=UTF8&reviewerType=all_reviews/ref=cm_cr_dp_d_show_all_btm?ie=UTF8&reviewerType=all_reviews,9,"2,670 ratings"
https://www.amazon.co.uk/Razer-Blackshark-V2-headphones-reduction-Black/product-reviews/B089SSFV85/ref=cm_cr_dp_d_show_all_btm?ie=UTF8&reviewerType=all_reviews/ref=cm_cr_dp_d_show_all_btm?ie=UTF8&reviewerType=all_reviews,42,"6,335 ratings"
https://www.amazon.co.uk/SPECTA-Earphones-Headphones-Microphone-Sound-Dynamic/product-reviews/B08MZHLH71/ref=cm_cr_dp_d_show_all_btm?ie=UTF8&reviewerType=all_reviews/ref=cm_cr_dp_d_show_all_btm?ie=UTF8&reviewerType=all_reviews,11,"4,461 ratings"
https://www.amazon.co.uk/Stealth-C6-300-Gaming-Headset-Xbox/product-reviews/B08P3XQNW4/ref=cm_cr_dp_d_show_all_btm?ie=UTF8&reviewerType=all_reviews/ref=cm_cr_dp_d_show_all_btm?ie=UTF8&reviewerType=all_reviews,21,200 ratings
https://www.amazon.co.uk/Earphones-CBGGQ-Headphones-Microphone-Smartphones-4-pairs-color/product-reviews/B07XRXSWQ6/ref=cm_cr_dp_d_show_all_btm?ie=UTF8&reviewerType=all_reviews/ref=cm_cr_dp_d_show_all_btm?ie=UTF8&reviewerType=all_reviews,8,"8,163 ratings"
https://www.amazon.co.uk/Eono-bluetooth-earphones-Waterproof-Headphones-White/product-reviews/B0882S5QNK/ref=cm_cr_dp_d_show_all_btm?ie=UTF8&reviewerType=all_reviews/ref=cm_cr_dp_d_show_all_btm?ie=UTF8&reviewerType=all_reviews,22,"3,668 ratings"
https://www.amazon.co.uk/Headphone-Detachable-Noise-Isolating-Musicians-Sweatproof-Black/product-reviews/B07T4J4VV4/ref=cm_cr_dp_d_show_all_btm?ie=UTF8&reviewerType=all_reviews/ref=cm_cr_dp_d_show_all_btm?ie=UTF8&reviewerType=all_reviews,18,858 ratings
https://www.amazon.co.uk/Betron-Earphones-Headphones-Definition-Microphone-gold-black/product-reviews/B00S2P0M1C/ref=cm_cr_dp_d_show_all_btm?ie=UTF8&reviewerType=all_reviews/ref=cm_cr_dp_d_show_all_btm?ie=UTF8&reviewerType=all_reviews,8,"27,905 ratings"
https://www.amazon.co.uk/Panasonic-RP-HT225-Headphones-black/product-reviews/B00009V2P8/ref=cm_cr_dp_d_show_all_btm?ie=UTF8&reviewerType=all_reviews/ref=cm_cr_dp_d_show_all_btm?ie=UTF8&reviewerType=all_reviews,13,598 ratings
https://www.amazon.co.uk/Earphones-Headphones-Isolating-Microphone-Compatible-1-Pack-White-Black/product-reviews/B09YPX9FZQ/ref=cm_cr_dp_d_show_all_btm?ie=UTF8&reviewerType=all_reviews/ref=cm_cr_dp_d_show_all_btm?ie=UTF8&reviewerType=all_reviews,5,99 ratings
https://www.amazon.co.uk/Headphones-Headband-Wireless-Speakers-Sleeping-Black/product-reviews/B0931YVWF4/ref=cm_cr_dp_d_show_all_btm?ie=UTF8&reviewerType=all_reviews/ref=cm_cr_dp_d_show_all_btm?ie=UTF8&reviewerType=all_reviews,20,"8,370 ratings"
https://www.amazon.co.uk/Heaphones-Comfortable-Tangle-Free-Headphone-Smartphone/product-reviews/B07PR2D333/ref=cm_cr_dp_d_show_all_btm?ie=UTF8&reviewerType=all_reviews/ref=cm_cr_dp_d_show_all_btm?ie=UTF8&reviewerType=all_reviews,13,492 ratings
https://www.amazon.co.uk/LilGadgets-Untangled-Childrens-Bluetooth-Headphones-Pink/product-reviews/B00HX0RTN6/ref=cm_cr_dp_d_show_all_btm?ie=UTF8&reviewerType=all_reviews/ref=cm_cr_dp_d_show_all_btm?ie=UTF8&reviewerType=all_reviews,45,"4,470 ratings"
https://www.amazon.co.uk/JKSWT-Microphone-Lightweight-Headphones-Compatible-White/product-reviews/B09DY2N94D/ref=cm_cr_dp_d_show_all_btm?ie=UTF8&reviewerType=all_reviews/ref=cm_cr_dp_d_show_all_btm?ie=UTF8&reviewerType=all_reviews,5,"1,121 ratings"
https://www.amazon.co.uk/XIAOWTEK-Bluetooth-Headphones-Cancelling-Waterproof-Black/product-reviews/B0BD4FFY2B/ref=cm_cr_dp_d_show_all_btm?ie=UTF8&reviewerType=all_reviews/ref=cm_cr_dp_d_show_all_btm?ie=UTF8&reviewerType=all_reviews,12,"1,996 ratings"
https://www.amazon.co.uk/iClever-Bluetooth-Headphones-Adjustable-Childrens-Green-Purple-Blue/product-reviews/B0872124F7/ref=cm_cr_dp_d_show_all_btm?ie=UTF8&reviewerType=all_reviews/ref=cm_cr_dp_d_show_all_btm?ie=UTF8&reviewerType=all_reviews,35,"6,996 ratings"
https://www.amazon.co.uk/Betron-GLD100-Earphones-Headphones-Definition-Black-Remote/product-reviews/B074PQVNYN/ref=cm_cr_dp_d_show_all_btm?ie=UTF8&reviewerType=all_reviews/ref=cm_cr_dp_d_show_all_btm?ie=UTF8&reviewerType=all_reviews,10,"2,611 ratings"
https://www.amazon.co.uk/Yatloml-Earphones-Headphones-Built-Microphone-Silver/product-reviews/B0BCNVX6YP/ref=cm_cr_dp_d_show_all_btm?ie=UTF8&reviewerType=all_reviews/ref=cm_cr_dp_d_show_all_btm?ie=UTF8&reviewerType=all_reviews,6,342 ratings
https://www.amazon.co.uk/MuveAcoustics-Headphones-Performing-Microphone-Detachable/product-reviews/B01MQNB4A8/ref=cm_cr_dp_d_show_all_btm?ie=UTF8&reviewerType=all_reviews/ref=cm_cr_dp_d_show_all_btm?ie=UTF8&reviewerType=all_reviews,12,"4,909 ratings"
https://www.amazon.co.uk/Noise-Cancelling-Headphones-Bluetooth-Wireless-BlacK/product-reviews/B07C8GM4H1/ref=cm_cr_dp_d_show_all_btm?ie=UTF8&reviewerType=all_reviews/ref=cm_cr_dp_d_show_all_btm?ie=UTF8&reviewerType=all_reviews,49,"12,944 ratings"
https://www.amazon.co.uk/Lightning-Connector-Headphones-Certified-Isolating-1pc/product-reviews/B09TR61Q26/ref=cm_cr_dp_d_show_all_btm?ie=UTF8&reviewerType=all_reviews/ref=cm_cr_dp_d_show_all_btm?ie=UTF8&reviewerType=all_reviews,9,877 ratings
https://www.amazon.co.uk/JBL-Tune-230NC-Ear-Headphones-Black/product-reviews/B09HGR1DVC/ref=cm_cr_dp_d_show_all_btm?ie=UTF8&reviewerType=all_reviews/ref=cm_cr_dp_d_show_all_btm?ie=UTF8&reviewerType=all_reviews,49,"8,255 ratings"
https://www.amazon.co.uk/Isolating-Earbuds-Earphones-Headphones-Compatible-White-Xet/product-reviews/B0BTYFGHB2/ref=cm_cr_dp_d_show_all_btm?ie=UTF8&reviewerType=all_reviews/ref=cm_cr_dp_d_show_all_btm?ie=UTF8&reviewerType=all_reviews,7,"11,315 ratings"
https://www.amazon.co.uk/Snuggly-Rascals-Headband-Headphones-Ultra-Comfortable-Monster/product-reviews/B07CGX3FP8/ref=cm_cr_dp_d_show_all_btm?ie=UTF8&reviewerType=all_reviews/ref=cm_cr_dp_d_show_all_btm?ie=UTF8&reviewerType=all_reviews,6,"1,029 ratings"
https://www.amazon.co.uk/Ymdei-Earphones-headphones-microphone-Compatible-ETYH-LT1/product-reviews/B0BRV3LCWK/ref=cm_cr_dp_d_show_all_btm?ie=UTF8&reviewerType=all_reviews/ref=cm_cr_dp_d_show_all_btm?ie=UTF8&reviewerType=all_reviews,7,"2,618 ratings"
https://www.amazon.co.uk/Senlee-Earbuds-Monitor-Earphone-Detachable-Silver/product-reviews/B08B4DZN4B/ref=cm_cr_dp_d_show_all_btm?ie=UTF8&reviewerType=all_reviews/ref=cm_cr_dp_d_show_all_btm?ie=UTF8&reviewerType=all_reviews,21,10 ratings
https://www.amazon.co.uk/Sony-WI-C310-Bluetooth-Wireless-Headphones-Blue/product-reviews/B07QXSV2GP/ref=cm_cr_dp_d_show_all_btm?ie=UTF8&reviewerType=all_reviews/ref=cm_cr_dp_d_show_all_btm?ie=UTF8&reviewerType=all_reviews,24,"1,880 ratings"
https://www.amazon.co.uk/UGREEN-Headphones-Earphones-Microphone-Compatible/product-reviews/B08TQKNC62/ref=cm_cr_dp_d_show_all_btm?ie=UTF8&reviewerType=all_reviews/ref=cm_cr_dp_d_show_all_btm?ie=UTF8&reviewerType=all_reviews,12,"1,668 ratings"
https://www.amazon.co.uk/CASCHO-Headphones-Indicator-Bluetooth-Waterproof-Black/product-reviews/B0BLJXPRL9/ref=cm_cr_dp_d_show_all_btm?ie=UTF8&reviewerType=all_reviews/ref=cm_cr_dp_d_show_all_btm?ie=UTF8&reviewerType=all_reviews,24,"1,114 ratings"
https://www.amazon.co.uk/OIIAEE-Earphones-Microphone-Lightweight-Headphones-White/product-reviews/B0BKFZFT5R/ref=cm_cr_dp_d_show_all_btm?ie=UTF8&reviewerType=all_reviews/ref=cm_cr_dp_d_show_all_btm?ie=UTF8&reviewerType=all_reviews,7,207 ratings
https://www.amazon.co.uk/Ludos-FEROX-Headphones-Microphone-Videoconference-White/product-reviews/B0BM4HGSFJ/ref=cm_cr_dp_d_show_all_btm?ie=UTF8&reviewerType=all_reviews/ref=cm_cr_dp_d_show_all_btm?ie=UTF8&reviewerType=all_reviews,5,536 ratings
https://www.amazon.co.uk/Bluetooth-Headphones-Earphones-Cancelling-Waterproof-Dark-Black/product-reviews/B0BG5MKFY8/ref=cm_cr_dp_d_show_all_btm?ie=UTF8&reviewerType=all_reviews/ref=cm_cr_dp_d_show_all_btm?ie=UTF8&reviewerType=all_reviews,17,"3,785 ratings"
https://www.amazon.co.uk/JBL-Tune-510BT-Ear-Headphones-Black/product-reviews/B08WM3LMJF/ref=cm_cr_dp_d_show_all_btm?ie=UTF8&reviewerType=all_reviews/ref=cm_cr_dp_d_show_all_btm?ie=UTF8&reviewerType=all_reviews,45,"20,614 ratings"
https://www.amazon.co.uk/Guguearth-Lightning-Headphones-Earphones-Compatible/product-reviews/B09C3J6VV4/ref=cm_cr_dp_d_show_all_btm?ie=UTF8&reviewerType=all_reviews/ref=cm_cr_dp_d_show_all_btm?ie=UTF8&reviewerType=all_reviews,17,"1,197 ratings"
https://www.amazon.co.uk/Belkin-SoundForm-Headphones-Microphone-Compatible-Pink/product-reviews/B08ZS9KTV6/ref=cm_cr_dp_d_show_all_btm?ie=UTF8&reviewerType=all_reviews/ref=cm_cr_dp_d_show_all_btm?ie=UTF8&reviewerType=all_reviews,26,305 ratings
https://www.amazon.co.uk/Bluetooth-Headphones-Earphones-Microphone-Waterproof-Black/product-reviews/B0B38L9LZ2/ref=cm_cr_dp_d_show_all_btm?ie=UTF8&reviewerType=all_reviews/ref=cm_cr_dp_d_show_all_btm?ie=UTF8&reviewerType=all_reviews,29,693 ratings
https://www.amazon.co.uk/TOZO-T10-Bluetooth-Headphones-Waterproof-white/product-reviews/B07RP6NF5J/ref=cm_cr_dp_d_show_all_btm?ie=UTF8&reviewerType=all_reviews/ref=cm_cr_dp_d_show_all_btm?ie=UTF8&reviewerType=all_reviews,22,"323,927 ratings"
https://www.amazon.co.uk/Betron-Bluetooth-Headphones-Wireless-Microphone-Black/product-reviews/B01M8FLGB2/ref=cm_cr_dp_d_show_all_btm?ie=UTF8&reviewerType=all_reviews/ref=cm_cr_dp_d_show_all_btm?ie=UTF8&reviewerType=all_reviews,27,"5,725 ratings"
https://www.amazon.co.uk/Headphones-Wireless-Bluetooth-Foldable-Microphone-purple/product-reviews/B08R62WZ1Y/ref=cm_cr_dp_d_show_all_btm?ie=UTF8&reviewerType=all_reviews/ref=cm_cr_dp_d_show_all_btm?ie=UTF8&reviewerType=all_reviews,19,"1,585 ratings"
https://www.amazon.co.uk/Bluetooth-Headphones-Earphones-Waterproof-Cancelling-White/product-reviews/B0BHNZ635C/ref=cm_cr_dp_d_show_all_btm?ie=UTF8&reviewerType=all_reviews/ref=cm_cr_dp_d_show_all_btm?ie=UTF8&reviewerType=all_reviews,19,"1,971 ratings"
https://www.amazon.co.uk/Bluetooth-Headphones-Earphones-Cancelling-Waterproof-Red/product-reviews/B0BM3T3Q5K/ref=cm_cr_dp_d_show_all_btm?ie=UTF8&reviewerType=all_reviews/ref=cm_cr_dp_d_show_all_btm?ie=UTF8&reviewerType=all_reviews,19,166 ratings
https://www.amazon.co.uk/Betron-Isolating-Headphones-Smartphones-Microphone-Gold/product-reviews/B079GFY21T/ref=cm_cr_dp_d_show_all_btm?ie=UTF8&reviewerType=all_reviews/ref=cm_cr_dp_d_show_all_btm?ie=UTF8&reviewerType=all_reviews,10,"8,462 ratings"
https://www.amazon.co.uk/gorsun-Headphones-decorative-children-Blue-blue/product-reviews/B083RSDZHJ/ref=cm_cr_dp_d_show_all_btm?ie=UTF8&reviewerType=all_reviews/ref=cm_cr_dp_d_show_all_btm?ie=UTF8&reviewerType=all_reviews,12,"2,623 ratings"
https://www.amazon.co.uk/Marshall-Major-Foldable-Bluetooth-Headphones-Black/product-reviews/B08KHT2HDT/ref=cm_cr_dp_d_show_all_btm?ie=UTF8&reviewerType=all_reviews/ref=cm_cr_dp_d_show_all_btm?ie=UTF8&reviewerType=all_reviews,129,"4,723 ratings"
https://www.amazon.co.uk/Bluetooth-Headphones-Microphone-Lightweight-Cellphone-purple/product-reviews/B089FTMVM5/ref=cm_cr_dp_d_show_all_btm?ie=UTF8&reviewerType=all_reviews/ref=cm_cr_dp_d_show_all_btm?ie=UTF8&reviewerType=all_reviews,19,"15,057 ratings"
https://www.amazon.co.uk/Lankey-Pro-Headphones-Microphone-Waterproof-Black/product-reviews/B0BL3LJL51/ref=cm_cr_dp_d_show_all_btm?ie=UTF8&reviewerType=all_reviews/ref=cm_cr_dp_d_show_all_btm?ie=UTF8&reviewerType=all_reviews,19,54 ratings
https://www.amazon.co.uk/Headphones-Wireless-Bluetooth-Childrens-Microphone-Pink/product-reviews/B08ZSD8KJ3/ref=cm_cr_dp_d_show_all_btm?ie=UTF8&reviewerType=all_reviews/ref=cm_cr_dp_d_show_all_btm?ie=UTF8&reviewerType=all_reviews,17,217 ratings
https://www.amazon.co.uk/Headphones-Bluetooth-Headband-Wireless-Waterproof-grey/product-reviews/B083Z2DBML/ref=cm_cr_dp_d_show_all_btm?ie=UTF8&reviewerType=all_reviews/ref=cm_cr_dp_d_show_all_btm?ie=UTF8&reviewerType=all_reviews,14,"9,097 ratings"
https://www.amazon.co.uk/Headphones-foldable-lightweight-Children-Headphones-Yellow-Yellow/product-reviews/B07H2XHPN5/ref=cm_cr_dp_d_show_all_btm?ie=UTF8&reviewerType=all_reviews/ref=cm_cr_dp_d_show_all_btm?ie=UTF8&reviewerType=all_reviews,12,"1,788 ratings"
https://www.amazon.co.uk/Kimwood-Headphones-Earphones-Microphone-Compatible-White/product-reviews/B0BD1WP1L6/ref=cm_cr_dp_d_show_all_btm?ie=UTF8&reviewerType=all_reviews/ref=cm_cr_dp_d_show_all_btm?ie=UTF8&reviewerType=all_reviews,9,131 ratings
https://www.amazon.co.uk/Veho-Headphones-Isolating-Earbuds-Earphones/product-reviews/B0063W8VAK/ref=cm_cr_dp_d_show_all_btm?ie=UTF8&reviewerType=all_reviews/ref=cm_cr_dp_d_show_all_btm?ie=UTF8&reviewerType=all_reviews,11,"1,242 ratings"
https://www.amazon.co.uk/Headphones-LAIBUY-Foldable-Bluetooth-Headphone-Purple/product-reviews/B09NN384Q3/ref=cm_cr_dp_d_show_all_btm?ie=UTF8&reviewerType=all_reviews/ref=cm_cr_dp_d_show_all_btm?ie=UTF8&reviewerType=all_reviews,19,196 ratings
https://www.amazon.co.uk/Earphones-Microphone-Ear-Headphones-Reinforced-Pink/product-reviews/B07VNX5NTF/ref=cm_cr_dp_d_show_all_btm?ie=UTF8&reviewerType=all_reviews/ref=cm_cr_dp_d_show_all_btm?ie=UTF8&reviewerType=all_reviews,14,"23,297 ratings"
https://www.amazon.co.uk/Razer-Blackshark-USB-sound-card-Black/product-reviews/B089SSH6L6/ref=cm_cr_dp_d_show_all_btm?ie=UTF8&reviewerType=all_reviews/ref=cm_cr_dp_d_show_all_btm?ie=UTF8&reviewerType=all_reviews,83,"3,891 ratings"
https://www.amazon.co.uk/Sennheiser-MX-375-Ear-Headphones-Black/product-reviews/B0076Z7668/ref=cm_cr_dp_d_show_all_btm?ie=UTF8&reviewerType=all_reviews/ref=cm_cr_dp_d_show_all_btm?ie=UTF8&reviewerType=all_reviews,14,"2,333 ratings"
https://www.amazon.co.uk/JBL-Wireless-Bluetooth-Headphones-Charging-Blue/product-reviews/B09KVGZ7VY/ref=cm_cr_dp_d_show_all_btm?ie=UTF8&reviewerType=all_reviews/ref=cm_cr_dp_d_show_all_btm?ie=UTF8&reviewerType=all_reviews,39,924 ratings
https://www.amazon.co.uk/Headphones-LAIBUY-Foldable-Bluetooth-Headphone-pink/product-reviews/B095PQRL9Q/ref=cm_cr_dp_d_show_all_btm?ie=UTF8&reviewerType=all_reviews/ref=cm_cr_dp_d_show_all_btm?ie=UTF8&reviewerType=all_reviews,16,546 ratings
https://www.amazon.co.uk/RockPapa-Adjustable-Headphones-Lightweight-Tablets-Black/product-reviews/B0144Y4SSC/ref=cm_cr_dp_d_show_all_btm?ie=UTF8&reviewerType=all_reviews/ref=cm_cr_dp_d_show_all_btm?ie=UTF8&reviewerType=all_reviews,7,399 ratings
https://www.amazon.co.uk/Soundcore-Cancelling-Wireless-Charging-Sleeping-Navy-Blue/product-reviews/B093SL1W2H/ref=cm_cr_dp_d_show_all_btm?ie=UTF8&reviewerType=all_reviews/ref=cm_cr_dp_d_show_all_btm?ie=UTF8&reviewerType=all_reviews,69,"21,511 ratings"
https://www.amazon.co.uk/Samsung-EO-IC100BBEGEU-headphones-headset-Binaural-Black/product-reviews/B0819X67PZ/ref=cm_cr_dp_d_show_all_btm?ie=UTF8&reviewerType=all_reviews/ref=cm_cr_dp_d_show_all_btm?ie=UTF8&reviewerType=all_reviews,13,"6,350 ratings"
https://www.amazon.co.uk/Betron-Earphones-Headphones-Microphone-Ergonomic-Black/product-reviews/B01MA1MJ6H/ref=cm_cr_dp_d_show_all_btm?ie=UTF8&reviewerType=all_reviews/ref=cm_cr_dp_d_show_all_btm?ie=UTF8&reviewerType=all_reviews,12,"18,924 ratings"
https://www.amazon.co.uk/Earphones-Headphones-Isolating-Microphone-Compatible-White-black/product-reviews/B0BFXM39DD/ref=cm_cr_dp_d_show_all_btm?ie=UTF8&reviewerType=all_reviews/ref=cm_cr_dp_d_show_all_btm?ie=UTF8&reviewerType=all_reviews,6,12 ratings
https://www.amazon.co.uk/Headphones-Earphones-Earbuds-Microphone-Control/product-reviews/B0B2DTNYRJ/ref=cm_cr_dp_d_show_all_btm?ie=UTF8&reviewerType=all_reviews/ref=cm_cr_dp_d_show_all_btm?ie=UTF8&reviewerType=all_reviews,9,822 ratings
https://www.amazon.co.uk/Betron-Earphones-Headphones-Balanced-Isolating-Gold/product-reviews/B074P5YG9M/ref=cm_cr_dp_d_show_all_btm?ie=UTF8&reviewerType=all_reviews/ref=cm_cr_dp_d_show_all_btm?ie=UTF8&reviewerType=all_reviews,8,"6,526 ratings"
https://www.amazon.co.uk/NEXUS-Headphones-Earphones-Microphone-Isolating/product-reviews/B09WV6NV31/ref=cm_cr_dp_d_show_all_btm?ie=UTF8&reviewerType=all_reviews/ref=cm_cr_dp_d_show_all_btm?ie=UTF8&reviewerType=all_reviews,9,"1,542 ratings"
https://www.amazon.co.uk/King-Microphone-Cancellation-Headphones-Compatible-White/product-reviews/B0BV792BWB/ref=cm_cr_dp_d_show_all_btm?ie=UTF8&reviewerType=all_reviews/ref=cm_cr_dp_d_show_all_btm?ie=UTF8&reviewerType=all_reviews,4,
https://www.amazon.co.uk/Philips-SHQ1200-10-Sweatproof-Headphones-Black-Red/product-reviews/B008ZW2X0U/ref=cm_cr_dp_d_show_all_btm?ie=UTF8&reviewerType=all_reviews/ref=cm_cr_dp_d_show_all_btm?ie=UTF8&reviewerType=all_reviews,19,"5,150 ratings"
https://www.amazon.co.uk/Wireless-Headphones-Playtime-Bluetooth-Cellphone-Type1-Red/product-reviews/B08FMMC1F8/ref=cm_cr_dp_d_show_all_btm?ie=UTF8&reviewerType=all_reviews/ref=cm_cr_dp_d_show_all_btm?ie=UTF8&reviewerType=all_reviews,15,589 ratings
https://www.amazon.co.uk/Headphones-X08-Bluetooth-Microphone-Waterproof-Rose-Gold/product-reviews/B09MLYQDMS/ref=cm_cr_dp_d_show_all_btm?ie=UTF8&reviewerType=all_reviews/ref=cm_cr_dp_d_show_all_btm?ie=UTF8&reviewerType=all_reviews,19,"4,944 ratings"
https://www.amazon.co.uk/Sony-MDR-XB510AS-Extrabass-Splashproof-Headphones-Blue/product-reviews/B01N0XC30Q/ref=cm_cr_dp_d_show_all_btm?ie=UTF8&reviewerType=all_reviews/ref=cm_cr_dp_d_show_all_btm?ie=UTF8&reviewerType=all_reviews,23,"1,487 ratings"
https://www.amazon.co.uk/ZS10Pro-Headphone-Earphone-Guitarist-Microphone-Matte-Black/product-reviews/B09G6S6BSK/ref=cm_cr_dp_d_show_all_btm?ie=UTF8&reviewerType=all_reviews/ref=cm_cr_dp_d_show_all_btm?ie=UTF8&reviewerType=all_reviews,45,"2,248 ratings"
https://www.amazon.co.uk/Sony-MDR-ZX110-Stereo-Headphone-Black/product-reviews/B00NJ2M33I/ref=cm_cr_dp_d_show_all_btm?ie=UTF8&reviewerType=all_reviews/ref=cm_cr_dp_d_show_all_btm?ie=UTF8&reviewerType=all_reviews,14,"57,733 ratings"
https://www.amazon.co.uk/Remax-S2-Black-4-1-Wireless-Headphones/product-reviews/B0150GEZA4/ref=cm_cr_dp_d_show_all_btm?ie=UTF8&reviewerType=all_reviews/ref=cm_cr_dp_d_show_all_btm?ie=UTF8&reviewerType=all_reviews,,71 ratings
https://www.amazon.co.uk/PowerLocus-Bluetooth-Headphones-Headphone-Microphone-Black/product-reviews/B07RTWLVC6/ref=cm_cr_dp_d_show_all_btm?ie=UTF8&reviewerType=all_reviews/ref=cm_cr_dp_d_show_all_btm?ie=UTF8&reviewerType=all_reviews,22,"1,807 ratings"
https://www.amazon.co.uk/gorsun-A66-Headphones-Foldable-Adjustable-pink/product-reviews/B09B3HYT71/ref=cm_cr_dp_d_show_all_btm?ie=UTF8&reviewerType=all_reviews/ref=cm_cr_dp_d_show_all_btm?ie=UTF8&reviewerType=all_reviews,12,"2,331 ratings"
https://www.amazon.co.uk/Headphones-Bluetooth-Headband-Wireless-Breathable/product-reviews/B09FLJ6R1W/ref=cm_cr_dp_d_show_all_btm?ie=UTF8&reviewerType=all_reviews/ref=cm_cr_dp_d_show_all_btm?ie=UTF8&reviewerType=all_reviews,9,21 ratings
https://www.amazon.co.uk/Headphones-Tribit-Microphone-Starlet-01-Pink/product-reviews/B09LV7LGF4/ref=cm_cr_dp_d_show_all_btm?ie=UTF8&reviewerType=all_reviews/ref=cm_cr_dp_d_show_all_btm?ie=UTF8&reviewerType=all_reviews,13,"1,044 ratings"
https://www.amazon.co.uk/HyperX-HX-HSCSCX-BK-CloudX-Stinger-Headset/product-reviews/B07KYC1VL7/ref=cm_cr_dp_d_show_all_btm?ie=UTF8&reviewerType=all_reviews/ref=cm_cr_dp_d_show_all_btm?ie=UTF8&reviewerType=all_reviews,32,"16,358 ratings"
https://www.amazon.co.uk/OTL-Patrol-Chase-Childrens-Headphones-blue/product-reviews/B08GS9Z1BN/ref=cm_cr_dp_d_show_all_btm?ie=UTF8&reviewerType=all_reviews/ref=cm_cr_dp_d_show_all_btm?ie=UTF8&reviewerType=all_reviews,14,186 ratings
https://www.amazon.co.uk/Panasonic-RP-HV094E-K-Earphones-Neodymium-Magnet-Black/product-reviews/B001EXK2DW/ref=cm_cr_dp_d_show_all_btm?ie=UTF8&reviewerType=all_reviews/ref=cm_cr_dp_d_show_all_btm?ie=UTF8&reviewerType=all_reviews,4,"1,542 ratings"
https://www.amazon.co.uk/Wireless-Bluetooth-Headphones-Earphones-Playtime-Panda/product-reviews/B098X7WYGT/ref=cm_cr_dp_d_show_all_btm?ie=UTF8&reviewerType=all_reviews/ref=cm_cr_dp_d_show_all_btm?ie=UTF8&reviewerType=all_reviews,29,"2,024 ratings"
https://www.amazon.co.uk/PALOVUE-Headphones-Earphones-Cancelling-SportSound-Blue/product-reviews/B09GK6H5P2/ref=cm_cr_dp_d_show_all_btm?ie=UTF8&reviewerType=all_reviews/ref=cm_cr_dp_d_show_all_btm?ie=UTF8&reviewerType=all_reviews,27,"4,023 ratings"
https://www.amazon.co.uk/Bluetooth-Earphones-Waterproof-Headphones-Cancelling-Black/product-reviews/B09W9GNJKM/ref=cm_cr_dp_d_show_all_btm?ie=UTF8&reviewerType=all_reviews/ref=cm_cr_dp_d_show_all_btm?ie=UTF8&reviewerType=all_reviews,19,264 ratings
https://www.amazon.co.uk/Wireless-Bluetooth-Headphones-Waterproof-Earphones-BLACK/product-reviews/B09N7R5P99/ref=cm_cr_dp_d_show_all_btm?ie=UTF8&reviewerType=all_reviews/ref=cm_cr_dp_d_show_all_btm?ie=UTF8&reviewerType=all_reviews,15,"3,163 ratings"
https://www.amazon.co.uk/DOQAUS-Bluetooth-Headphones-Wireless-Microphone-Black/product-reviews/B0BG74GRYT/ref=cm_cr_dp_d_show_all_btm?ie=UTF8&reviewerType=all_reviews/ref=cm_cr_dp_d_show_all_btm?ie=UTF8&reviewerType=all_reviews,21,451 ratings
https://www.amazon.co.uk/Sony-WF-C500-Wireless-Headphones-Built-White/product-reviews/B09FKFY395/ref=cm_cr_dp_d_show_all_btm?ie=UTF8&reviewerType=all_reviews/ref=cm_cr_dp_d_show_all_btm?ie=UTF8&reviewerType=all_reviews,59,"8,688 ratings"
https://www.amazon.co.uk/Cancelling-Microphone-Headphones-Exercise-Audio-Conference-Black/product-reviews/B09KJ79R8D/ref=cm_cr_dp_d_show_all_btm?ie=UTF8&reviewerType=all_reviews/ref=cm_cr_dp_d_show_all_btm?ie=UTF8&reviewerType=all_reviews,19,36 ratings
https://www.amazon.co.uk/NOVA-Earbuds-Headphones-Microphone-WARRANTY/product-reviews/B09NNNZPP3/ref=cm_cr_dp_d_show_all_btm?ie=UTF8&reviewerType=all_reviews/ref=cm_cr_dp_d_show_all_btm?ie=UTF8&reviewerType=all_reviews,14,"2,570 ratings"
https://www.amazon.co.uk/UrbanX-Stereo-Headphones-Samsung-Braided-Black/product-reviews/B0912CBPXR/ref=cm_cr_dp_d_show_all_btm?ie=UTF8&reviewerType=all_reviews/ref=cm_cr_dp_d_show_all_btm?ie=UTF8&reviewerType=all_reviews,11,200 ratings
https://www.amazon.co.uk/OpenMove-Bluetooth-Headphones-Conduction-Waterproof-Grey/product-reviews/B09BW29FJS/ref=cm_cr_dp_d_show_all_btm?ie=UTF8&reviewerType=all_reviews/ref=cm_cr_dp_d_show_all_btm?ie=UTF8&reviewerType=all_reviews,79,"6,407 ratings"
https://www.amazon.co.uk/Stealth-Shadow-Premium-Performance-Headset/product-reviews/B08LF3XX8M/ref=cm_cr_dp_d_show_all_btm?ie=UTF8&reviewerType=all_reviews/ref=cm_cr_dp_d_show_all_btm?ie=UTF8&reviewerType=all_reviews,10,170 ratings