URLs,ASIN
URLs,ASIN
URLs,ASIN
URLs,ASIN
URLs,ASIN
URLs,ASIN
URLs,ASIN
URLs,ASIN
URLs,ASIN
URLs,ASIN
URLs,ASIN
URLs,ASIN
URLs,ASIN
URLs,ASIN
URLs,ASIN
URLs,ASIN
URLs,ASIN
URLs,ASIN
URLs,ASIN
URLs,ASIN
URLs,ASIN
URLs,ASIN
URLs,ASIN
URLs,ASIN
URLs,ASIN
URLs,ASIN
URLs,ASIN
URLs,ASIN
URLs,ASIN
URLs,ASIN
URLs,ASIN
URLs,ASIN
URLs,ASIN
URLs,ASIN
URLs,ASIN
URLs,ASIN
URLs,ASIN
URLs,ASIN
URLs,ASIN
URLs,ASIN
URLs,ASIN
URLs,ASIN
URLs,ASIN
URLs,ASIN
URLs,ASIN
URLs,ASIN
URLs,ASIN
URLs,ASIN
URLs,ASIN
URLs,ASIN
URLs,ASIN
URLs,ASIN
URLs,ASIN
URLs,ASIN
URLs,ASIN
URLs,ASIN
URLs,ASIN
URLs,ASIN
URLs,ASIN
URLs,ASIN
URLs,ASIN
URLs,ASIN
URLs,ASIN
URLs,ASIN
URLs,ASIN
URLs,ASIN
URLs,ASIN
URLs,ASIN
URLs,ASIN
URLs,ASIN
URLs,ASIN
URLs,ASIN
URLs,ASIN
URLs,ASIN
URLs,ASIN
URLs,ASIN
URLs,ASIN
URLs,ASIN
URLs,ASIN
URLs,ASIN
URLs,ASIN
URLs,ASIN
URLs,ASIN
URLs,ASIN
URLs,ASIN
URLs,ASIN
URLs,ASIN
URLs,ASIN
URLs,ASIN
URLs,ASIN
URLs,ASIN
URLs,ASIN
URLs,ASIN
URLs,ASIN
URLs,ASIN
URLs,ASIN
URLs,ASIN
URLs,ASIN
URLs,ASIN
URLs,ASIN
URLs,ASIN
URLs,ASIN
URLs,ASIN
URLs,ASIN
URLs,ASIN
URLs,ASIN
URLs,ASIN
URLs,ASIN
URLs,ASIN
URLs,ASIN
URLs,ASIN
URLs,ASIN
URLs,ASIN
URLs,ASIN
URLs,ASIN
URLs,ASIN
URLs,ASIN
URLs,ASIN
URLs,ASIN
URLs,ASIN
URLs,ASIN
URLs,ASIN
URLs,ASIN
URLs,ASIN
